,fixed.acidity,volatile.acidity,citric.acid,residual.sugar,chlorides,free.sulfur.dioxide,total.sulfur.dioxide,pH,sulphates,alcohol,quality
0,7.0,0.27,0.36,20.7,0.045,45.0,170.0,3.0,0.45,8.8,6
1,8.1,0.22,0.43,1.5,0.044000000000000004,28.0,129.0,3.22,0.45,11.0,6
2,7.9,0.18,0.37,1.2,0.04,16.0,75.0,3.18,0.63,10.8,6
3,8.3,0.42,0.62,19.25,0.04,41.0,172.0,2.98,0.67,9.7,5
4,6.5,0.31,0.14,7.5,0.044000000000000004,34.0,133.0,3.22,0.5,9.5,5
5,6.2,0.66,0.48,1.2,0.028999999999999998,29.0,75.0,3.33,0.39,12.8,6
6,6.4,0.31,0.38,2.9,0.038,19.0,102.0,3.17,0.35,11.0,6
7,6.8,0.26,0.42,1.7,0.049,41.0,122.0,3.47,0.48,10.5,6
8,7.0,0.28,0.39,8.7,0.051,32.0,141.0,3.38,0.53,10.5,6
9,7.4,0.27,0.48,1.1,0.047,17.0,132.0,3.19,0.49,11.6,6
10,6.2,0.12,0.34,1.5,0.045,43.0,117.0,3.42,0.51,9.0,6
11,7.3,0.24,0.39,17.95,0.057,45.0,149.0,3.21,0.36,8.6,5
12,6.7,0.24,0.39,2.9,0.17300000000000001,63.0,157.0,3.1,0.34,9.4,6
13,7.0,0.31,0.26,7.4,0.069,28.0,160.0,3.13,0.46,9.8,6
14,6.2,0.16,0.33,1.1,0.057,21.0,82.0,3.32,0.46,10.9,6
15,6.0,0.19,0.26,12.4,0.048,50.0,147.0,3.3,0.36,8.9,5
16,7.4,0.2,0.36,1.2,0.038,44.0,111.0,3.36,0.34,9.9,6
17,6.8,0.22,0.24,4.9,0.092,30.0,123.0,3.03,0.46,8.6,5
18,7.0,0.47,0.07,1.1,0.035,17.0,151.0,3.02,0.34,10.5,5
19,7.2,0.24,0.27,1.4,0.038,31.0,122.0,3.15,0.46,10.3,6
20,6.8,0.3,0.23,4.6,0.061,50.5,238.5,3.32,0.6,9.5,5
21,6.0,0.27,0.28,4.8,0.063,31.0,201.0,3.69,0.71,10.0,5
22,7.4,0.24,0.29,10.1,0.05,21.0,105.0,3.13,0.35,9.5,5
23,6.7,0.54,0.28,5.4,0.06,21.0,105.0,3.27,0.37,9.0,5
24,7.1,0.44,0.62,11.8,0.044000000000000004,52.0,152.0,3.12,0.46,8.7,6
25,6.8,0.25,0.31,13.3,0.05,69.0,202.0,3.22,0.48,9.7,5
26,7.1,0.43,0.61,11.8,0.045,54.0,155.0,3.11,0.45,8.7,5
27,7.1,0.26,0.29,12.4,0.044000000000000004,62.0,240.0,3.04,0.42,9.2,6
28,7.4,0.25,0.37,13.5,0.06,52.0,192.0,3.0,0.44,9.1,5
29,6.0,0.21,0.24,12.1,0.05,55.0,164.0,3.34,0.39,9.4,5
30,7.5,0.305,0.4,18.9,0.059000000000000004,44.0,170.0,2.99,0.46,9.0,5
31,7.3,0.13,0.32,14.4,0.051,34.0,109.0,3.2,0.35,9.2,6
32,7.1,0.12,0.32,9.6,0.054000000000000006,64.0,162.0,3.4,0.41,9.4,6
33,7.2,0.31,0.5,13.3,0.055999999999999994,68.0,195.0,3.01,0.47,9.2,5
34,6.9,0.19,0.28,5.0,0.057999999999999996,14.0,146.0,3.29,0.36,9.1,6
35,7.4,0.39,0.23,7.0,0.033,29.0,126.0,3.14,0.42,10.5,7
36,6.4,0.595,0.14,5.2,0.057999999999999996,15.0,97.0,3.38,0.36,9.0,4
37,7.4,0.24,0.42,14.0,0.066,48.0,198.0,2.89,0.42,8.9,5
38,6.3,0.36,0.3,4.8,0.049,14.0,85.0,3.28,0.39,10.6,5
39,9.8,0.42,0.48,9.85,0.034,5.0,110.0,2.87,0.29,10.0,5
40,6.3,0.22,0.43,4.55,0.038,31.0,130.0,3.35,0.33,11.5,8
41,5.9,0.23,0.3,12.9,0.054000000000000006,57.0,170.0,3.28,0.39,9.4,6
42,6.9,0.27,0.4,14.0,0.05,64.0,227.0,3.18,0.58,9.6,5
43,6.7,0.24,0.41,9.4,0.04,49.0,166.0,3.12,0.61,9.9,6
44,6.6,0.28,0.28,8.5,0.052000000000000005,55.0,211.0,3.09,0.55,8.9,4
45,6.8,0.26,0.24,7.8,0.052000000000000005,54.0,214.0,3.13,0.47,8.9,5
46,6.8,0.18,0.38,1.4,0.038,35.0,111.0,3.32,0.59,11.2,7
47,6.2,0.25,0.25,1.4,0.03,35.0,105.0,3.3,0.44,11.1,7
48,7.1,0.24,0.41,17.8,0.046,39.0,145.0,3.32,0.39,8.7,5
49,6.8,0.64,0.08,9.7,0.062,26.0,142.0,3.37,0.46,8.9,4
50,8.3,0.28,0.4,7.8,0.040999999999999995,38.0,194.0,3.34,0.51,9.6,6
51,7.2,0.23,0.38,14.3,0.057999999999999996,55.0,194.0,3.09,0.44,9.0,6
52,7.2,0.23,0.38,14.3,0.057999999999999996,55.0,194.0,3.09,0.44,9.0,6
53,6.8,0.52,0.32,13.2,0.044000000000000004,54.0,221.0,3.27,0.5,9.6,5
54,6.9,0.4,0.56,11.2,0.043,40.0,142.0,3.14,0.46,8.7,5
55,6.4,0.23,0.39,1.8,0.032,23.0,118.0,3.32,0.5,11.8,7
56,5.3,0.58,0.07,6.9,0.043,34.0,149.0,3.34,0.57,9.7,6
57,5.2,0.6,0.07,7.0,0.044000000000000004,33.0,147.0,3.33,0.58,9.7,6
58,7.7,0.26,0.4,1.1,0.042,9.0,60.0,2.89,0.5,10.6,5
59,6.8,0.32,0.34,1.2,0.044000000000000004,14.0,67.0,3.05,0.47,10.6,5
60,6.1,0.31,0.58,5.0,0.039,36.0,114.0,3.3,0.6,12.3,7
61,6.7,0.34,0.3,15.6,0.054000000000000006,51.0,196.0,3.19,0.49,9.3,5
62,7.3,0.32,0.25,7.2,0.055999999999999994,47.0,180.0,3.08,0.47,8.8,5
63,7.5,0.17,0.44,11.3,0.046,65.0,146.0,3.17,0.45,10.0,6
64,6.2,0.33,0.27,4.9,0.036000000000000004,30.0,134.0,3.2,0.42,10.4,6
65,7.8,0.25,0.41,3.7,0.042,37.0,149.0,3.36,0.45,10.0,6
66,6.3,0.23,0.3,1.8,0.033,16.0,91.0,3.28,0.4,11.8,6
67,6.3,0.23,0.3,1.8,0.033,16.0,91.0,3.28,0.4,11.8,6
68,8.0,0.24,0.36,1.5,0.047,17.0,129.0,3.2,0.54,10.0,5
69,5.4,0.29,0.47,3.0,0.052000000000000005,47.0,145.0,3.29,0.75,10.0,6
70,6.1,0.36,0.33,1.1,0.05,24.0,169.0,3.15,0.78,9.5,6
71,7.3,0.22,0.37,14.3,0.063,48.0,191.0,2.89,0.38,9.0,6
72,6.9,0.33,0.21,1.0,0.053,39.0,148.0,3.12,0.45,9.4,5
73,6.9,0.33,0.21,1.0,0.053,39.0,148.0,3.12,0.45,9.4,5
74,7.7,0.29,0.48,2.3,0.049,36.0,178.0,3.17,0.64,10.6,6
75,7.3,0.2,0.44,1.4,0.045,21.0,98.0,3.15,0.46,10.0,7
76,7.5,0.35,0.28,9.6,0.051,26.0,157.0,3.12,0.53,9.2,5
77,6.3,0.39,0.35,5.9,0.04,82.5,260.0,3.12,0.66,10.1,5
78,6.5,0.36,0.32,1.1,0.031,13.0,66.0,3.1,0.46,10.6,5
79,6.8,0.37,0.51,11.8,0.044000000000000004,62.0,163.0,3.19,0.44,8.8,5
80,6.8,0.27,0.12,1.3,0.04,87.0,168.0,3.18,0.41,10.0,5
81,6.3,0.2,0.4,1.5,0.037000000000000005,35.0,107.0,3.46,0.5,11.4,6
82,6.1,0.35,0.07,1.4,0.069,22.0,108.0,3.23,0.52,9.2,5
83,7.1,0.27,0.31,18.2,0.046,55.0,252.0,3.07,0.56,8.7,5
84,6.8,0.22,0.31,6.3,0.035,33.0,170.0,3.24,0.66,12.6,7
85,5.8,0.28,0.34,4.0,0.031,40.0,99.0,3.39,0.39,12.8,7
86,7.2,0.25,0.39,18.95,0.038,42.0,155.0,2.97,0.47,9.0,6
87,7.2,0.25,0.39,18.95,0.038,42.0,155.0,2.97,0.47,9.0,6
88,7.0,0.21,0.28,8.6,0.045,37.0,221.0,3.25,0.54,10.4,6
89,7.2,0.55,0.09,1.5,0.10800000000000001,16.0,151.0,3.07,0.57,9.2,5
90,6.6,0.16,0.32,1.4,0.035,49.0,186.0,3.35,0.64,12.4,6
91,6.9,0.24,0.36,20.8,0.031,40.0,139.0,3.2,0.33,11.0,6
92,6.5,0.41,0.24,14.0,0.048,24.0,113.0,3.44,0.53,9.8,6
93,6.4,0.28,0.29,1.6,0.052000000000000005,34.0,127.0,3.48,0.56,10.5,6
94,6.3,0.23,0.31,1.5,0.022000000000000002,11.0,82.0,3.3,0.4,12.9,7
95,7.1,0.21,0.27,8.6,0.055999999999999994,26.0,111.0,2.95,0.52,9.5,6
96,7.2,0.39,0.62,11.0,0.047,66.0,178.0,3.16,0.5,8.7,5
97,8.6,0.37,0.7,12.15,0.039,21.0,158.0,3.0,0.73,9.3,5
98,6.5,0.38,0.34,3.4,0.036000000000000004,34.0,200.0,3.14,0.76,10.0,6
99,6.6,0.24,0.29,2.0,0.023,19.0,86.0,3.25,0.45,12.5,7
100,7.0,0.22,0.28,1.5,0.037000000000000005,29.0,115.0,3.11,0.55,10.5,6
101,6.3,0.22,0.33,1.7,0.040999999999999995,67.0,164.0,3.32,0.56,10.4,6
102,5.8,0.25,0.24,13.3,0.044000000000000004,41.0,137.0,3.34,0.42,9.5,5
103,6.0,0.24,0.27,1.9,0.048,40.0,170.0,3.64,0.54,10.0,7
104,5.9,0.62,0.28,3.5,0.039,55.0,152.0,3.44,0.44,12.0,7
105,6.7,0.27,0.12,1.3,0.040999999999999995,62.0,138.0,3.21,0.42,10.0,5
106,6.1,0.31,0.26,2.2,0.051,28.0,167.0,3.37,0.47,10.4,5
107,7.4,0.15,0.42,1.7,0.045,49.0,154.0,3.0,0.6,10.4,6
108,7.2,0.34,0.34,12.6,0.048,7.0,41.0,3.19,0.4,11.7,6
109,5.2,0.36,0.02,1.6,0.031,24.0,104.0,3.44,0.35,12.2,6
110,7.4,0.25,0.36,13.2,0.067,53.0,178.0,3.01,0.48,9.0,6
111,7.9,0.345,0.51,15.3,0.047,54.0,171.0,3.09,0.51,9.1,5
112,6.8,0.25,0.24,4.55,0.053,41.0,211.0,3.37,0.67,9.5,5
113,6.5,0.18,0.31,1.7,0.044000000000000004,30.0,127.0,3.49,0.5,10.2,6
114,7.2,0.46,0.65,10.4,0.05,76.0,192.0,3.16,0.42,8.7,5
115,7.8,0.28,0.34,1.6,0.027999999999999997,32.0,118.0,3.0,0.38,12.1,7
116,8.4,0.35,0.71,12.2,0.046,22.0,160.0,2.98,0.65,9.4,5
117,7.2,0.34,0.44,4.2,0.047,51.0,144.0,3.01,0.76,12.3,6
118,7.4,0.3,0.22,1.4,0.046,16.0,135.0,3.08,0.77,10.4,5
119,6.1,0.26,0.51,2.2,0.05,61.0,154.0,3.08,0.6,9.8,6
120,7.4,0.41,0.66,10.8,0.051,77.0,194.0,3.05,0.46,8.7,5
121,6.5,0.28,0.29,2.7,0.038,26.0,107.0,3.32,0.41,11.6,7
122,7.3,0.3,0.22,6.4,0.055999999999999994,44.0,168.0,3.13,0.35,10.1,5
123,7.4,0.24,0.22,10.7,0.042,26.0,81.0,2.86,0.36,9.7,6
124,6.9,0.28,0.27,2.1,0.036000000000000004,42.0,121.0,3.42,0.49,10.8,7
125,7.0,0.29,0.37,4.9,0.034,26.0,127.0,3.17,0.44,10.8,6
126,6.4,0.45,0.07,1.1,0.03,10.0,131.0,2.97,0.28,10.8,5
127,7.3,0.25,0.29,7.5,0.049,38.0,158.0,3.43,0.38,9.6,5
128,7.5,0.21,0.68,10.9,0.045,38.0,133.0,3.0,0.36,8.7,5
129,7.4,0.19,0.3,1.4,0.057,33.0,135.0,3.12,0.5,9.6,6
130,6.5,0.26,0.43,8.9,0.083,50.0,171.0,2.85,0.5,9.0,5
131,7.0,0.23,0.42,18.05,0.05,35.0,144.0,3.22,0.42,8.8,5
132,6.3,0.26,0.25,7.8,0.057999999999999996,44.0,166.0,3.24,0.41,9.0,5
133,6.5,0.33,0.72,1.1,0.061,7.0,151.0,3.09,0.57,9.5,5
134,7.4,0.105,0.34,12.2,0.05,57.0,146.0,3.16,0.37,9.0,6
135,6.8,0.29,0.16,1.4,0.038,122.5,234.5,3.15,0.47,10.0,5
136,6.8,0.25,0.34,14.0,0.032,47.0,133.0,3.37,0.5,12.2,6
137,6.1,0.14,0.25,1.3,0.047,37.0,173.0,3.35,0.46,10.0,6
138,6.7,0.31,0.3,2.1,0.038,18.0,130.0,3.36,0.63,10.6,6
139,7.6,0.29,0.58,17.5,0.040999999999999995,51.0,225.0,3.16,0.66,9.5,5
140,7.5,0.31,0.51,14.8,0.039,62.0,204.0,3.06,0.6,9.5,5
141,6.4,0.33,0.28,1.1,0.038,30.0,110.0,3.12,0.42,10.5,6
142,6.1,0.25,0.24,12.1,0.046,51.0,172.0,3.35,0.45,9.5,5
143,8.2,0.27,0.43,1.6,0.035,31.0,128.0,3.1,0.5,12.3,6
144,6.6,0.33,0.31,1.3,0.02,29.0,89.0,3.26,0.44,12.4,7
145,7.8,0.3,0.4,1.8,0.027999999999999997,23.0,122.0,3.14,0.39,10.9,6
146,6.0,0.33,0.27,0.8,0.185,12.0,188.0,3.12,0.62,9.4,5
147,6.5,0.23,0.33,13.8,0.042,25.0,139.0,3.35,0.56,10.4,6
148,7.4,0.38,0.27,7.5,0.040999999999999995,24.0,160.0,3.17,0.43,10.0,5
149,7.2,0.29,0.4,7.6,0.024,56.0,177.0,3.04,0.32,11.5,6
150,6.9,0.2,0.5,10.0,0.036000000000000004,78.0,167.0,3.15,0.55,10.2,6
151,7.0,0.21,0.34,8.5,0.033,31.0,253.0,3.22,0.56,10.5,6
152,5.9,0.35,0.47,2.2,0.11,14.0,138.0,3.09,0.5,9.1,5
153,7.1,0.28,0.44,1.8,0.032,32.0,107.0,3.25,0.48,12.2,6
154,6.9,0.18,0.38,8.1,0.049,44.0,176.0,3.3,0.54,9.8,6
155,6.8,0.12,0.31,5.2,0.045,29.0,120.0,3.41,0.46,9.8,6
156,6.0,0.395,0.0,1.4,0.042,7.0,55.0,3.37,0.38,11.2,4
157,5.9,0.24,0.3,2.0,0.033,28.0,92.0,3.39,0.69,10.9,7
158,6.4,0.46,0.08,4.9,0.046,34.0,144.0,3.1,0.56,10.0,5
159,7.2,0.31,0.26,7.3,0.05,37.0,157.0,3.09,0.43,9.0,5
160,6.0,0.18,0.31,1.4,0.036000000000000004,14.0,75.0,3.34,0.58,11.1,6
161,6.0,0.39,0.17,12.0,0.046,65.0,246.0,3.15,0.38,9.0,5
162,6.0,0.41,0.05,1.5,0.063,17.0,120.0,3.21,0.56,9.2,5
163,6.4,0.35,0.28,1.1,0.055,9.0,160.0,3.42,0.5,9.1,4
164,6.2,0.3,0.17,2.8,0.04,24.0,125.0,3.01,0.46,9.0,5
165,6.6,0.36,0.29,1.6,0.021,24.0,85.0,3.41,0.61,12.4,7
166,6.8,0.18,0.21,5.4,0.053,34.0,104.0,3.3,0.43,9.4,6
167,7.1,0.16,0.36,1.2,0.043,21.0,90.0,3.16,0.42,11.0,7
168,6.9,0.25,0.34,1.3,0.035,27.0,82.0,3.18,0.44,12.2,6
169,7.3,0.205,0.31,1.7,0.06,34.0,110.0,3.72,0.69,10.5,6
170,7.3,0.21,0.29,1.6,0.034,29.0,118.0,3.3,0.5,11.0,8
171,8.2,0.38,0.49,13.6,0.042,58.0,166.0,3.1,0.54,9.4,5
172,7.4,0.2,0.35,2.1,0.038,30.0,116.0,3.49,0.77,10.3,6
173,6.7,0.22,0.39,10.2,0.038,60.0,149.0,3.17,0.54,10.0,6
174,8.1,0.27,0.35,1.7,0.03,38.0,103.0,3.22,0.63,10.4,6
175,6.2,0.28,0.33,1.7,0.028999999999999998,24.0,111.0,3.24,0.5,12.1,6
176,7.8,0.18,0.46,12.6,0.042,41.0,143.0,3.24,0.76,8.5,6
177,7.7,0.34,0.58,11.1,0.039,41.0,151.0,3.06,0.49,8.6,5
178,6.9,0.12,0.36,2.2,0.037000000000000005,18.0,111.0,3.41,0.82,11.9,6
179,6.5,0.3,0.32,2.0,0.044000000000000004,34.0,90.0,3.37,0.68,11.0,7
180,6.5,0.3,0.32,2.0,0.044000000000000004,34.0,90.0,3.37,0.68,11.0,7
181,8.0,0.29,0.29,13.2,0.046,26.0,113.0,3.25,0.37,9.7,6
182,5.9,0.31,0.3,7.7,0.047,60.0,206.0,3.2,0.39,9.6,5
183,8.0,0.23,0.37,9.6,0.054000000000000006,23.0,159.0,3.32,0.47,9.8,6
184,6.3,0.33,0.2,5.8,0.04,24.0,144.0,3.15,0.63,9.9,5
185,7.0,0.24,0.34,1.4,0.031,27.0,107.0,3.06,0.39,11.9,6
186,7.7,0.32,0.62,10.6,0.036000000000000004,56.0,153.0,3.13,0.44,8.9,6
187,6.5,0.26,0.27,12.9,0.044000000000000004,69.0,215.0,3.17,0.43,10.0,6
188,7.7,0.17,0.52,5.9,0.017,21.0,84.0,3.14,0.4,11.9,6
189,6.9,0.48,0.36,3.5,0.03,31.0,135.0,3.14,0.38,12.2,7
190,6.5,0.17,0.33,1.4,0.027999999999999997,14.0,99.0,3.23,0.55,10.1,6
191,8.2,0.23,0.37,1.3,0.042,39.0,117.0,2.99,0.36,10.0,6
192,6.6,0.2,0.32,1.1,0.039,25.0,78.0,3.39,0.54,10.2,7
193,5.5,0.42,0.09,1.6,0.019,18.0,68.0,3.33,0.51,11.4,7
194,5.1,0.42,0.01,1.5,0.017,25.0,102.0,3.38,0.36,12.3,6
195,6.8,0.22,0.35,17.5,0.039,38.0,153.0,3.24,0.42,9.0,6
196,7.6,0.3,0.25,4.3,0.054000000000000006,22.0,111.0,3.12,0.49,9.2,5
197,7.4,0.28,0.3,5.3,0.054000000000000006,44.0,161.0,3.12,0.48,10.3,6
198,7.8,0.27,0.34,1.6,0.046,27.0,154.0,3.05,0.45,10.5,5
199,7.6,0.21,0.6,2.1,0.046,47.0,165.0,3.05,0.54,10.1,6
200,5.8,0.36,0.26,3.3,0.038,40.0,153.0,3.34,0.55,11.3,6
201,6.6,0.22,0.37,1.2,0.059000000000000004,45.0,199.0,3.37,0.55,10.3,6
202,7.6,0.39,0.22,2.8,0.036000000000000004,19.0,113.0,3.03,0.29,10.2,5
203,7.6,0.16,0.44,1.4,0.043,25.0,109.0,3.11,0.75,10.3,5
204,7.1,0.18,0.42,1.4,0.045,47.0,157.0,2.95,0.31,10.5,6
205,8.3,0.14,0.26,1.5,0.049,56.0,189.0,3.21,0.62,9.5,6
206,8.6,0.2,0.42,1.5,0.040999999999999995,35.0,125.0,3.11,0.49,11.4,6
207,6.3,0.6,0.44,11.0,0.05,50.0,245.0,3.19,0.57,9.3,5
208,7.1,0.3,0.36,6.8,0.055,44.5,234.0,3.49,0.64,10.2,5
209,7.1,0.3,0.36,6.8,0.055,44.5,234.0,3.49,0.64,10.2,5
210,7.9,0.64,0.46,10.6,0.244,33.0,227.0,2.87,0.74,9.1,5
211,8.2,0.68,0.3,2.1,0.047,17.0,138.0,3.22,0.71,10.8,5
212,6.1,0.37,0.36,4.7,0.035,36.0,116.0,3.31,0.62,12.6,7
213,7.3,0.24,0.34,7.5,0.048,29.0,152.0,3.1,0.54,9.0,6
214,7.6,0.29,0.42,1.3,0.035,18.0,86.0,2.99,0.39,11.3,6
215,7.0,0.21,0.28,7.5,0.07,45.0,185.0,3.34,0.55,9.4,6
216,6.7,0.26,0.26,4.0,0.079,35.5,216.0,3.31,0.68,9.5,5
217,6.4,0.3,0.51,5.5,0.048,62.0,172.0,3.08,0.45,9.1,5
218,6.2,0.55,0.45,12.0,0.049,27.0,186.0,3.17,0.5,9.3,5
219,6.5,0.26,0.34,16.3,0.051,56.0,197.0,3.49,0.42,9.8,5
220,6.3,0.34,0.29,6.2,0.046,29.0,227.0,3.29,0.53,10.1,5
221,6.3,0.27,0.25,5.8,0.038,52.0,155.0,3.28,0.38,9.4,5
222,6.3,0.23,0.21,5.1,0.035,29.0,142.0,3.36,0.33,10.1,6
223,5.2,0.24,0.45,3.8,0.027000000000000003,21.0,128.0,3.55,0.49,11.2,8
224,7.0,0.24,0.32,1.3,0.037000000000000005,39.0,123.0,3.17,0.42,11.2,7
225,7.0,0.17,0.33,4.0,0.034,17.0,127.0,3.19,0.39,10.6,7
226,7.1,0.21,0.4,1.2,0.069,24.0,156.0,3.42,0.43,10.6,6
227,6.3,0.27,0.25,5.8,0.038,52.0,155.0,3.28,0.38,9.4,5
228,7.9,0.29,0.39,6.7,0.036000000000000004,6.0,117.0,3.12,0.42,10.7,5
229,5.5,0.32,0.45,4.9,0.027999999999999997,25.0,191.0,3.51,0.49,11.5,7
230,6.1,0.29,0.27,1.7,0.024,13.0,76.0,3.21,0.51,12.6,7
231,7.2,0.37,0.15,2.0,0.028999999999999998,27.0,87.0,3.3,0.59,12.6,7
232,8.1,0.45,0.34,8.3,0.037000000000000005,33.0,216.0,3.31,0.64,9.7,6
233,5.8,0.415,0.13,1.4,0.04,11.0,64.0,3.29,0.52,10.5,5
234,6.0,0.4,0.3,1.6,0.047,30.0,117.0,3.17,0.48,10.1,5
235,9.8,0.36,0.45,1.6,0.042,11.0,124.0,2.93,0.46,10.8,5
236,6.5,0.115,0.29,1.95,0.038,73.0,166.0,3.12,0.25,12.9,6
237,6.7,0.25,0.34,12.85,0.048,30.0,161.0,3.44,0.47,9.5,5
238,9.2,0.28,0.46,3.2,0.057999999999999996,39.0,133.0,3.14,0.58,9.5,5
239,7.5,0.14,0.34,1.3,0.055,50.0,153.0,3.29,0.8,9.6,6
240,8.2,0.23,0.49,0.9,0.057,15.0,73.0,3.07,0.38,10.4,5
241,7.4,0.22,0.33,2.0,0.045,31.0,101.0,3.42,0.55,11.4,5
242,6.4,0.25,0.41,8.6,0.042,57.0,173.0,3.0,0.44,9.1,5
243,6.3,0.32,0.35,11.1,0.039,29.0,198.0,3.36,0.5,9.4,5
244,6.8,0.25,0.29,2.0,0.042,19.0,189.0,3.46,0.54,10.2,6
245,7.2,0.2,0.25,4.5,0.044000000000000004,31.0,109.0,3.23,0.36,9.4,6
246,6.4,0.26,0.3,2.2,0.025,33.0,134.0,3.21,0.47,10.6,6
247,6.6,0.21,0.38,2.2,0.026000000000000002,40.0,104.0,3.25,0.4,11.1,7
248,7.1,0.21,0.3,1.4,0.037000000000000005,45.0,143.0,3.13,0.33,9.9,6
249,7.3,0.22,0.4,14.75,0.042,44.5,129.5,3.36,0.41,9.1,7
250,7.4,0.25,0.37,6.9,0.02,14.0,93.0,3.0,0.48,10.7,5
251,7.0,0.26,0.46,15.55,0.037000000000000005,61.0,171.0,2.94,0.35,8.8,6
252,9.7,0.24,0.45,1.2,0.033,11.0,59.0,2.74,0.47,10.8,5
253,8.0,0.61,0.38,12.1,0.301,24.0,220.0,2.94,0.48,9.2,5
254,7.2,0.26,0.44,7.1,0.027000000000000003,25.0,126.0,3.02,0.34,11.1,7
255,6.4,0.23,0.33,1.15,0.044000000000000004,15.5,217.5,3.33,0.44,11.0,6
256,6.8,0.32,0.37,3.4,0.023,19.0,87.0,3.14,0.53,12.7,6
257,7.8,0.32,0.31,1.7,0.036000000000000004,46.0,195.0,3.03,0.48,10.5,6
258,7.4,0.18,0.42,2.1,0.036000000000000004,33.0,187.0,3.4,0.41,10.6,6
259,8.0,0.2,0.4,5.2,0.055,41.0,167.0,3.18,0.4,10.6,6
260,7.3,0.18,0.65,1.4,0.046,28.0,157.0,3.33,0.62,9.4,6
261,9.6,0.29,0.46,1.45,0.039,77.5,223.0,2.92,0.46,9.5,5
262,7.0,0.39,0.31,5.3,0.16899999999999998,32.0,162.0,3.2,0.48,9.4,5
263,8.4,0.35,0.56,13.8,0.048,55.0,190.0,3.07,0.58,9.4,6
264,7.6,0.31,0.29,10.5,0.04,21.0,145.0,3.04,0.35,9.4,5
265,7.0,0.24,0.36,4.9,0.083,10.0,133.0,3.33,0.37,10.8,6
266,8.4,0.16,0.33,1.5,0.033,16.0,98.0,3.14,0.42,9.7,6
267,6.2,0.17,0.3,1.1,0.037000000000000005,14.0,79.0,3.5,0.54,10.3,6
268,7.8,0.23,0.28,4.75,0.042,45.0,166.0,2.96,0.4,11.5,6
269,7.4,0.19,0.42,6.4,0.067,39.0,212.0,3.3,0.33,9.6,6
270,6.4,0.31,0.4,6.2,0.04,46.0,169.0,3.15,0.46,9.3,5
271,9.0,0.24,0.5,1.2,0.048,26.0,107.0,3.21,0.34,12.4,6
272,8.4,0.58,0.27,12.15,0.033,37.0,116.0,2.99,0.39,10.8,5
273,7.2,0.16,0.32,0.8,0.04,50.0,121.0,3.27,0.33,10.0,6
274,7.6,0.54,0.23,2.0,0.028999999999999998,13.0,151.0,3.04,0.33,10.4,5
275,8.4,0.58,0.27,12.15,0.033,37.0,116.0,2.99,0.39,10.8,5
276,7.3,0.23,0.37,1.9,0.040999999999999995,51.0,165.0,3.26,0.4,12.2,7
277,7.3,0.39,0.37,1.1,0.043,36.0,113.0,3.39,0.48,12.7,6
278,8.0,0.57,0.39,3.9,0.034,22.0,122.0,3.29,0.67,12.8,6
279,7.6,0.19,0.41,1.1,0.04,38.0,143.0,2.92,0.42,11.4,5
280,7.3,0.22,0.41,15.4,0.05,55.0,191.0,3.32,0.59,8.9,6
281,6.4,0.25,0.33,1.4,0.04,42.0,115.0,3.19,0.48,11.3,6
282,6.9,0.32,0.16,1.4,0.051,15.0,96.0,3.22,0.38,9.5,5
283,7.3,0.22,0.41,15.4,0.05,55.0,191.0,3.32,0.59,8.9,6
284,7.6,0.28,0.39,1.9,0.052000000000000005,23.0,116.0,3.25,0.4,10.4,5
285,10.7,0.22,0.56,8.2,0.044000000000000004,37.0,181.0,2.87,0.68,9.5,6
286,6.9,0.28,0.3,1.6,0.047,46.0,132.0,3.35,0.38,11.1,6
287,6.9,0.46,0.2,0.9,0.054000000000000006,5.0,126.0,3.1,0.42,10.4,4
288,6.8,0.23,0.4,1.6,0.047,5.0,133.0,3.23,0.7,11.4,6
289,6.2,0.33,0.29,1.3,0.042,26.0,138.0,3.77,0.64,9.5,6
290,5.6,0.49,0.13,4.5,0.039,17.0,116.0,3.42,0.9,13.7,7
291,6.2,0.16,0.47,1.4,0.028999999999999998,23.0,81.0,3.26,0.42,12.2,6
292,7.3,0.25,0.36,13.1,0.05,35.0,200.0,3.04,0.46,8.9,7
293,7.3,0.25,0.36,13.1,0.05,35.0,200.0,3.04,0.46,8.9,7
294,6.3,0.67,0.48,12.6,0.052000000000000005,57.0,222.0,3.17,0.52,9.3,5
295,8.2,0.22,0.36,6.8,0.034,12.0,90.0,3.01,0.38,10.5,5
296,7.1,0.19,0.28,3.6,0.033,16.0,78.0,2.91,0.78,11.4,7
297,7.3,0.25,0.36,13.1,0.05,35.0,200.0,3.04,0.46,8.9,7
298,7.1,0.26,0.32,5.9,0.037000000000000005,39.0,97.0,3.31,0.4,11.6,6
299,6.9,0.3,0.33,4.1,0.035,26.0,155.0,3.25,0.79,12.3,7
300,6.2,0.18,0.49,4.5,0.047,17.0,90.0,3.27,0.37,11.6,6
301,8.2,0.18,0.49,1.1,0.033,28.0,81.0,3.0,0.68,10.4,6
302,7.0,0.39,0.24,1.0,0.048,8.0,119.0,3.0,0.31,10.1,4
303,7.4,0.25,0.49,1.1,0.042,35.0,156.0,3.13,0.55,11.3,5
304,8.2,0.18,0.49,1.1,0.033,28.0,81.0,3.0,0.68,10.4,6
305,6.1,0.25,0.49,7.6,0.052000000000000005,67.0,226.0,3.16,0.47,8.9,5
306,8.3,0.2,0.74,4.45,0.044000000000000004,33.0,130.0,3.25,0.42,12.2,6
307,7.8,0.43,0.49,13.0,0.033,37.0,158.0,3.14,0.35,11.3,6
308,8.3,0.2,0.74,4.45,0.044000000000000004,33.0,130.0,3.25,0.42,12.2,6
309,8.0,0.44,0.49,9.1,0.031,46.0,151.0,3.16,0.27,12.7,8
310,7.0,0.2,0.74,0.8,0.044000000000000004,19.0,163.0,3.46,0.53,10.2,6
311,7.2,0.4,0.49,1.1,0.048,11.0,138.0,3.01,0.42,9.3,5
312,7.2,0.08,0.49,1.3,0.05,18.0,148.0,3.46,0.44,10.2,5
313,7.2,0.08,0.49,1.3,0.05,18.0,148.0,3.46,0.44,10.2,5
314,6.6,0.25,0.24,1.7,0.048,26.0,124.0,3.37,0.6,10.1,6
315,6.9,0.25,0.24,3.6,0.057,13.0,85.0,2.99,0.48,9.5,4
316,7.5,0.32,0.24,4.6,0.053,8.0,134.0,3.14,0.5,9.1,5
317,7.9,0.16,0.74,17.85,0.037000000000000005,52.0,187.0,2.99,0.41,9.3,6
318,8.0,0.3,0.49,9.4,0.046,47.0,188.0,3.14,0.48,10.0,5
319,8.3,0.2,0.49,1.7,0.04,34.0,169.0,3.05,0.37,10.1,5
320,7.0,0.17,0.74,12.8,0.045,24.0,126.0,3.26,0.38,12.2,6
321,8.1,0.2,0.49,8.1,0.051,51.0,205.0,3.1,0.52,11.0,6
322,6.8,0.21,0.49,14.5,0.06,50.0,170.0,3.55,0.44,9.8,6
323,8.0,0.18,0.49,1.8,0.061,10.0,145.0,3.23,0.48,10.0,5
324,14.2,0.27,0.49,1.1,0.037000000000000005,33.0,156.0,3.15,0.54,11.1,5
325,8.1,0.3,0.49,8.1,0.037000000000000005,26.0,174.0,3.1,0.3,11.2,6
326,7.3,0.26,0.49,5.0,0.027999999999999997,32.0,107.0,3.24,0.54,10.8,6
327,7.1,0.18,0.74,15.6,0.044000000000000004,44.0,176.0,3.38,0.67,9.0,6
328,7.2,0.16,0.49,1.3,0.037000000000000005,27.0,104.0,3.23,0.57,10.6,6
329,7.3,0.14,0.49,1.1,0.038,28.0,99.0,3.2,0.72,10.6,6
330,6.7,0.29,0.49,4.7,0.034,35.0,156.0,3.13,0.45,9.9,6
331,7.1,0.36,0.24,1.8,0.025,32.0,102.0,3.34,0.59,12.8,7
332,7.9,0.42,0.49,8.2,0.055999999999999994,32.0,164.0,3.29,0.6,11.2,6
333,6.9,0.24,0.49,1.3,0.032,35.0,148.0,3.45,0.57,10.7,6
334,8.8,0.35,0.49,1.0,0.036000000000000004,14.0,56.0,2.96,0.33,10.5,5
335,6.7,0.3,0.74,5.0,0.038,35.0,157.0,3.21,0.46,9.9,5
336,6.8,0.17,0.74,2.4,0.053,61.0,182.0,3.63,0.76,10.5,6
337,7.1,0.64,0.49,1.8,0.05,17.0,128.0,3.31,0.58,10.6,5
338,9.3,0.31,0.49,1.3,0.042,34.0,147.0,3.11,0.46,9.8,5
339,6.4,0.25,0.74,7.8,0.045,52.0,209.0,3.21,0.42,9.2,6
340,7.3,0.3,0.74,13.5,0.039,46.0,165.0,3.02,0.4,8.7,5
341,7.0,0.27,0.74,1.5,0.036000000000000004,27.0,122.0,3.35,0.48,11.2,7
342,7.9,0.14,0.74,1.2,0.027999999999999997,30.0,165.0,3.08,0.82,12.3,6
343,6.8,0.21,0.74,1.2,0.047,25.0,111.0,3.13,0.41,10.7,6
344,6.6,0.55,0.01,2.7,0.034,56.0,122.0,3.15,0.3,11.9,5
345,5.6,0.41,0.24,1.9,0.034,10.0,53.0,3.32,0.5,13.5,6
346,7.5,0.32,0.49,1.7,0.031,44.0,109.0,3.07,0.46,12.5,6
347,8.2,0.26,0.49,5.2,0.04,19.0,100.0,3.12,0.34,10.1,5
348,6.9,0.34,0.49,7.3,0.045,61.0,206.0,3.09,0.4,9.0,5
349,6.2,0.2,0.49,1.6,0.065,17.0,143.0,3.22,0.52,9.2,6
350,6.5,0.44,0.49,7.7,0.045,16.0,169.0,3.11,0.37,8.7,5
351,9.0,0.17,0.49,1.0,0.039,46.0,131.0,3.09,0.51,10.5,6
352,6.4,0.26,0.49,6.4,0.037000000000000005,37.0,161.0,3.38,0.53,9.7,6
353,7.6,0.47,0.49,13.0,0.239,42.0,220.0,2.96,0.51,9.2,5
354,7.8,0.49,0.49,7.0,0.043,29.0,149.0,3.21,0.33,10.0,5
355,8.1,0.3,0.49,12.3,0.049,50.0,144.0,3.09,0.57,10.2,6
356,6.6,0.325,0.49,7.7,0.049,53.0,217.0,3.16,0.4,9.3,5
357,6.6,0.27,0.49,7.8,0.049,62.0,217.0,3.17,0.45,9.4,5
358,6.7,0.21,0.49,1.4,0.047,30.0,114.0,2.92,0.42,10.8,6
359,7.0,0.35,0.3,6.5,0.027999999999999997,27.0,87.0,3.4,0.42,11.4,7
360,6.2,0.27,0.32,8.8,0.047,65.0,224.0,3.17,0.47,8.9,5
361,7.1,0.16,0.25,1.3,0.034,28.0,123.0,3.27,0.55,11.4,7
362,7.7,0.12,0.32,1.4,0.06,47.0,150.0,3.37,0.42,9.2,6
363,8.5,0.32,0.36,14.9,0.040999999999999995,47.0,190.0,3.08,0.31,10.0,6
364,6.7,0.33,0.42,6.4,0.057999999999999996,27.0,151.0,3.16,0.44,9.6,5
365,6.6,0.25,0.31,1.5,0.035,32.0,127.0,3.41,0.47,11.3,7
366,8.1,0.31,0.24,1.6,0.032,10.0,67.0,3.08,0.47,10.5,5
367,7.5,0.4,1.0,19.5,0.040999999999999995,33.0,148.0,3.24,0.38,12.0,6
368,8.0,0.32,0.36,4.6,0.042,56.0,178.0,3.29,0.47,12.0,6
369,7.5,0.22,0.29,4.8,0.05,33.0,87.0,3.14,0.42,9.9,6
370,6.4,0.16,0.28,2.2,0.042,33.0,93.0,3.31,0.43,11.1,6
371,6.7,0.27,0.25,8.0,0.053,54.0,202.0,3.22,0.43,9.3,5
372,8.0,0.3,0.28,5.7,0.044000000000000004,31.0,124.0,3.16,0.51,10.2,5
373,7.8,0.39,0.26,9.9,0.059000000000000004,33.0,181.0,3.04,0.42,10.9,6
374,6.6,0.25,0.35,14.0,0.069,42.0,163.0,3.56,0.47,9.8,5
375,6.5,0.18,0.26,1.4,0.040999999999999995,40.0,141.0,3.34,0.72,9.5,6
376,6.1,0.32,0.37,1.8,0.051,13.0,200.0,3.49,0.44,10.5,5
377,8.7,0.45,0.4,1.5,0.067,17.0,100.0,3.27,0.57,10.1,5
378,6.7,0.24,0.29,6.8,0.038,54.0,127.0,3.33,0.46,11.6,7
379,8.5,0.21,0.26,9.25,0.034,73.0,142.0,3.05,0.37,11.4,6
380,9.4,0.16,0.23,1.6,0.042,14.0,67.0,3.07,0.32,9.5,5
381,7.5,0.33,0.39,12.4,0.065,29.0,119.0,3.16,0.39,9.4,5
382,7.5,0.33,0.39,12.4,0.065,29.0,119.0,3.16,0.39,9.4,5
383,5.6,0.46,0.24,4.8,0.042,24.0,72.0,3.29,0.37,12.6,7
384,6.7,0.27,0.3,13.9,0.028999999999999998,34.0,131.0,3.36,0.5,12.0,7
385,6.0,0.26,0.29,1.0,0.032,27.0,96.0,3.38,0.44,12.3,7
386,6.5,0.32,0.12,11.5,0.033,35.0,165.0,3.22,0.32,9.0,5
387,7.4,0.49,0.24,15.1,0.03,34.0,153.0,3.13,0.51,12.0,7
388,7.7,0.44,0.24,11.2,0.031,41.0,167.0,3.12,0.43,11.3,7
389,7.2,0.24,0.29,2.2,0.037000000000000005,37.0,102.0,3.27,0.64,11.0,7
390,8.2,0.18,0.31,11.8,0.039,96.0,249.0,3.07,0.52,9.5,6
391,7.4,0.44,0.2,11.5,0.049,44.0,157.0,3.27,0.44,9.0,5
392,7.6,0.26,0.58,7.9,0.040999999999999995,62.0,180.0,3.07,0.38,9.0,5
393,7.4,0.44,0.2,11.5,0.049,44.0,157.0,3.27,0.44,9.0,5
394,8.9,0.34,0.34,1.6,0.055999999999999994,13.0,176.0,3.14,0.47,9.7,5
395,6.7,0.18,0.19,4.7,0.046,57.0,161.0,3.32,0.66,10.5,5
396,6.6,0.28,0.3,7.8,0.049,57.0,202.0,3.24,0.39,9.5,5
397,8.2,0.18,0.28,8.5,0.035,41.0,140.0,3.04,0.37,10.1,6
398,7.0,0.21,0.22,5.1,0.048,38.0,168.0,3.34,0.49,10.4,6
399,7.2,0.2,0.61,16.2,0.043,14.0,103.0,3.06,0.36,9.2,6
400,7.2,0.24,0.4,17.85,0.049,50.0,185.0,3.34,0.42,9.6,5
401,7.7,0.3,0.42,14.3,0.045,45.0,213.0,3.18,0.63,9.2,5
402,7.4,0.21,0.3,7.9,0.039,14.0,118.0,2.96,0.34,10.4,6
403,7.8,0.34,0.27,1.2,0.04,25.0,106.0,3.01,0.55,10.4,6
404,7.9,0.26,0.33,10.3,0.039,73.0,212.0,2.93,0.49,9.5,5
405,7.3,0.22,0.5,13.7,0.049,56.0,189.0,3.24,0.66,9.0,5
406,7.6,0.26,0.36,1.6,0.032,6.0,106.0,3.15,0.4,10.4,5
407,7.1,0.25,0.28,1.6,0.052000000000000005,46.0,169.0,3.05,0.41,10.5,6
408,9.2,0.71,0.23,6.2,0.042,15.0,93.0,2.89,0.34,10.1,4
409,8.3,0.36,0.57,15.0,0.052000000000000005,35.0,256.0,2.93,0.64,8.6,5
410,6.8,0.31,0.32,7.6,0.052000000000000005,35.0,143.0,3.14,0.38,9.0,5
411,8.3,0.36,0.57,15.0,0.052000000000000005,35.0,256.0,2.93,0.64,8.6,5
412,6.4,0.22,0.32,12.0,0.066,57.0,158.0,3.6,0.43,9.0,6
413,8.0,0.25,0.13,17.2,0.036000000000000004,49.0,219.0,2.96,0.46,9.7,5
414,9.9,1.005,0.46,1.4,0.046,34.0,185.0,3.02,0.49,10.2,5
415,8.1,0.31,0.36,8.2,0.027999999999999997,29.0,142.0,3.01,0.34,13.0,7
416,6.4,0.29,0.28,11.1,0.063,66.0,169.0,2.89,0.57,9.0,5
417,7.2,0.15,0.33,1.1,0.027000000000000003,16.0,63.0,3.37,0.4,9.9,5
418,7.4,0.32,0.55,16.6,0.055999999999999994,53.0,238.0,2.96,0.58,8.7,6
419,7.6,0.2,0.26,4.5,0.086,37.0,133.0,3.15,0.42,9.2,6
420,7.5,0.26,0.26,18.35,0.084,33.0,139.0,3.17,0.39,8.8,5
421,7.4,0.3,0.22,5.25,0.053,33.0,180.0,3.13,0.45,11.6,6
422,7.0,0.28,0.33,14.6,0.043,47.0,168.0,3.34,0.67,8.8,5
423,7.0,0.28,0.33,14.6,0.043,47.0,168.0,3.34,0.67,8.8,5
424,8.4,0.2,0.38,11.8,0.055,51.0,170.0,3.34,0.82,8.9,6
425,6.9,0.19,0.39,8.0,0.027999999999999997,22.0,84.0,3.11,0.66,10.8,6
426,6.3,0.21,0.28,1.5,0.051,46.0,142.0,3.23,0.42,10.1,6
427,7.6,0.29,0.26,6.5,0.042,32.0,160.0,3.14,0.47,10.7,5
428,8.8,0.2,0.28,1.1,0.018000000000000002,18.0,72.0,2.97,0.35,10.4,5
429,8.7,0.24,0.35,0.6,0.042,11.0,71.0,3.08,0.38,10.6,5
430,6.8,0.21,0.27,18.15,0.042,41.0,146.0,3.3,0.36,8.7,5
431,6.8,0.21,0.27,18.15,0.042,41.0,146.0,3.3,0.36,8.7,5
432,6.6,0.23,0.27,5.6,0.043,43.0,164.0,3.27,0.76,9.5,6
433,7.6,0.18,0.36,2.4,0.049,38.0,123.0,3.6,0.46,10.3,5
434,5.9,0.17,0.3,1.4,0.042,25.0,119.0,3.68,0.72,10.5,6
435,7.5,0.33,0.32,11.1,0.036000000000000004,25.0,119.0,3.15,0.34,10.5,6
436,8.2,0.17,0.32,1.5,0.05,17.0,101.0,3.14,0.58,9.5,6
437,6.8,0.28,0.35,2.3,0.042,16.0,85.0,3.19,0.56,12.4,6
438,6.0,0.27,0.15,1.5,0.055999999999999994,35.0,128.0,3.12,0.45,8.8,5
439,6.5,0.22,0.25,17.1,0.05,44.0,138.0,3.3,0.37,8.8,5
440,6.5,0.22,0.25,17.1,0.05,44.0,138.0,3.3,0.37,8.8,5
441,7.7,0.26,0.32,1.2,0.04,26.0,117.0,3.21,0.56,10.8,6
442,7.7,0.39,0.28,4.9,0.035,36.0,109.0,3.19,0.58,12.2,7
443,7.1,0.22,0.32,16.9,0.055999999999999994,49.0,158.0,3.37,0.38,9.6,6
444,7.9,0.18,0.36,5.9,0.057999999999999996,31.0,132.0,3.25,0.52,10.9,6
445,7.1,0.33,0.64,13.2,0.055999999999999994,12.0,105.0,3.05,0.39,9.2,5
446,7.9,0.28,0.32,3.6,0.038,9.0,76.0,3.05,0.31,11.7,6
447,6.3,0.24,0.37,1.8,0.031,6.0,61.0,3.3,0.34,12.2,6
448,7.4,0.19,0.3,12.8,0.053,48.5,229.0,3.14,0.49,9.1,7
449,8.0,0.36,0.43,10.1,0.053,29.0,146.0,3.4,0.46,9.5,5
450,6.6,0.32,0.27,10.9,0.040999999999999995,37.0,146.0,3.24,0.47,10.0,6
451,9.2,0.23,0.35,10.7,0.037000000000000005,34.0,145.0,3.09,0.32,9.7,4
452,6.8,0.25,0.18,1.4,0.055999999999999994,13.0,137.0,3.11,0.42,9.5,5
453,7.1,0.26,0.3,2.0,0.031,13.0,128.0,3.19,0.49,11.4,6
454,8.5,0.28,0.34,13.8,0.040999999999999995,32.0,161.0,3.13,0.4,9.9,6
455,8.1,0.25,0.38,3.8,0.051,18.0,129.0,3.21,0.38,11.5,7
456,7.0,0.22,0.32,1.6,0.045,40.0,120.0,2.98,0.44,10.5,6
457,7.6,0.23,0.26,15.3,0.067,32.0,166.0,3.03,0.44,9.2,6
458,6.9,0.25,0.35,9.2,0.034,42.0,150.0,3.21,0.36,11.5,6
459,7.2,0.29,0.18,8.2,0.042,41.0,180.0,3.16,0.49,9.1,5
460,6.4,0.34,0.2,14.9,0.06,37.0,162.0,3.13,0.45,9.0,4
461,6.1,0.15,0.29,6.2,0.046,39.0,151.0,3.6,0.44,10.6,6
462,7.4,0.18,0.29,1.4,0.042,34.0,101.0,3.54,0.6,10.5,6
463,7.2,0.29,0.2,7.7,0.046,51.0,174.0,3.16,0.52,9.5,5
464,6.2,0.26,0.19,3.4,0.049,47.0,172.0,3.14,0.43,10.4,5
465,7.1,0.14,0.35,1.4,0.039,24.0,128.0,2.97,0.68,10.4,6
466,8.5,0.25,0.31,2.8,0.032,11.0,61.0,3.06,0.44,11.5,5
467,6.6,0.19,0.43,10.9,0.045,53.0,154.0,3.52,0.77,10.4,6
468,7.4,0.14,0.3,1.3,0.033,25.0,91.0,3.53,0.39,10.6,6
469,6.4,0.16,0.25,1.3,0.047,20.0,77.0,3.61,0.54,10.2,6
470,7.4,0.33,0.26,15.6,0.049,67.0,210.0,3.06,0.68,9.5,5
471,6.9,0.28,0.31,7.2,0.04,47.0,168.0,3.29,0.57,10.6,6
472,6.6,0.22,0.28,12.05,0.057999999999999996,25.0,125.0,3.45,0.45,9.4,6
473,7.5,0.42,0.2,1.4,0.06,15.0,168.0,3.06,0.4,9.4,5
474,7.0,0.22,0.26,2.8,0.036000000000000004,44.0,132.0,3.34,0.41,12.0,7
475,9.4,0.28,0.3,1.6,0.045,36.0,139.0,3.11,0.49,9.3,5
476,7.0,0.19,0.33,6.3,0.032,42.0,127.0,3.31,0.38,12.2,7
477,7.5,0.26,0.59,11.8,0.046,58.0,164.0,3.17,0.46,8.9,5
478,4.6,0.445,0.0,1.4,0.053,11.0,178.0,3.79,0.55,10.2,5
479,6.9,0.3,0.21,7.2,0.045,54.0,190.0,3.22,0.48,9.4,5
480,7.0,0.35,0.17,1.1,0.049,7.0,119.0,3.13,0.36,9.7,4
481,7.5,0.38,0.29,12.7,0.05,25.0,209.0,3.25,0.59,9.3,5
482,6.3,0.4,0.32,10.6,0.049,38.0,209.0,3.47,0.59,9.3,5
483,8.3,0.27,0.34,10.2,0.048,50.0,118.0,3.18,0.51,10.3,6
484,7.2,0.34,0.3,8.4,0.051,40.0,167.0,3.48,0.62,9.7,5
485,7.0,0.23,0.26,7.2,0.040999999999999995,21.0,90.0,3.22,0.55,9.5,6
486,7.7,0.4,0.27,4.5,0.034,27.0,95.0,3.21,0.59,12.3,7
487,7.0,0.23,0.26,7.2,0.040999999999999995,21.0,90.0,3.22,0.55,9.5,6
488,7.7,0.28,0.63,11.1,0.039,58.0,179.0,3.08,0.44,8.8,5
489,6.1,0.28,0.16,1.3,0.06,36.0,126.0,3.13,0.46,8.7,5
490,7.2,0.3,0.3,8.1,0.05,40.0,188.0,3.15,0.49,9.1,5
491,6.1,0.16,0.29,6.0,0.03,29.0,144.0,3.68,0.46,10.7,6
492,7.6,0.48,0.37,1.2,0.034,5.0,57.0,3.05,0.54,10.4,5
493,7.2,0.2,0.3,2.0,0.039,43.0,188.0,3.3,0.41,12.0,6
494,6.9,0.3,0.3,1.3,0.053,24.0,186.0,3.29,0.54,9.9,4
495,7.6,0.21,0.35,1.2,0.040999999999999995,7.0,106.0,3.06,0.45,11.3,4
496,7.0,0.28,0.26,1.7,0.042,34.0,130.0,3.43,0.5,10.7,7
497,7.0,0.27,0.29,3.9,0.059000000000000004,28.0,199.0,3.54,0.59,10.3,6
498,9.2,0.16,0.49,2.0,0.044000000000000004,18.0,107.0,3.1,0.53,10.2,6
499,8.0,0.26,0.28,8.2,0.038,72.0,202.0,3.12,0.56,10.0,6
500,6.6,0.23,0.18,8.5,0.044000000000000004,59.0,188.0,3.16,0.49,9.5,5
501,7.6,0.31,0.27,5.8,0.036000000000000004,23.0,109.0,3.34,0.54,11.0,6
502,8.2,0.24,0.3,2.3,0.05,23.0,106.0,2.98,0.5,10.0,6
503,7.3,0.815,0.09,11.4,0.044000000000000004,45.0,204.0,3.15,0.46,9.0,5
504,6.3,0.41,0.16,0.9,0.032,25.0,98.0,3.16,0.42,9.5,5
505,8.1,0.4,0.32,7.9,0.031,23.0,118.0,3.05,0.46,13.3,7
506,6.2,0.44,0.18,7.7,0.096,28.0,210.0,3.56,0.72,9.2,4
507,6.3,0.29,0.14,7.05,0.045,50.0,177.0,3.23,0.42,9.0,5
508,6.4,0.35,0.35,5.6,0.034,9.0,148.0,3.17,0.5,9.8,6
509,6.9,0.43,0.28,9.4,0.055999999999999994,29.0,183.0,3.17,0.43,9.4,5
510,8.0,0.26,0.28,4.8,0.05,34.0,150.0,3.13,0.5,10.0,6
511,6.9,0.43,0.28,9.4,0.055999999999999994,29.0,183.0,3.17,0.43,9.4,5
512,7.6,0.285,0.32,14.6,0.063,32.0,201.0,3.0,0.45,9.2,5
513,6.6,0.32,0.33,2.5,0.052000000000000005,40.0,210.0,3.15,0.6,10.0,5
514,6.5,0.27,0.26,8.2,0.042,21.0,133.0,3.43,0.64,9.8,6
515,6.6,0.56,0.15,10.0,0.037000000000000005,38.0,157.0,3.28,0.52,9.4,5
516,7.8,0.32,0.33,10.4,0.031,47.0,194.0,3.07,0.58,9.6,6
517,7.8,0.32,0.33,10.4,0.031,47.0,194.0,3.07,0.58,9.6,6
518,7.5,0.28,0.78,12.1,0.040999999999999995,53.0,161.0,2.98,0.44,8.7,5
519,6.8,0.29,0.49,1.4,0.142,52.0,148.0,3.08,0.49,9.0,5
520,6.7,0.24,0.32,10.3,0.079,37.0,122.0,3.02,0.45,8.8,5
521,6.2,0.28,0.45,7.5,0.045,46.0,203.0,3.26,0.46,9.2,6
522,5.6,0.175,0.29,0.8,0.043,20.0,67.0,3.28,0.48,9.9,6
523,7.1,0.32,0.29,4.0,0.038,33.0,170.0,3.27,0.64,10.2,6
524,5.8,0.3,0.12,1.6,0.036000000000000004,57.0,163.0,3.38,0.59,10.5,5
525,6.7,0.5,0.38,7.5,0.046,26.0,175.0,3.32,0.54,9.6,5
526,6.2,0.33,0.14,4.8,0.052000000000000005,27.0,128.0,3.21,0.48,9.4,5
527,6.4,0.15,0.44,1.2,0.043,67.0,150.0,3.14,0.73,11.2,7
528,7.6,0.23,0.64,12.9,0.033,54.0,170.0,3.0,0.53,8.8,6
529,6.3,0.13,0.42,1.1,0.043,63.0,146.0,3.13,0.72,11.2,7
530,7.0,0.16,0.32,1.1,0.032,29.0,80.0,3.23,0.36,12.1,6
531,6.8,0.18,0.3,12.8,0.062,19.0,171.0,3.0,0.52,9.0,7
532,6.8,0.18,0.3,12.8,0.062,19.0,171.0,3.0,0.52,9.0,7
533,7.8,0.28,0.31,2.1,0.046,28.0,208.0,3.23,0.64,9.8,5
534,6.2,0.26,0.32,15.3,0.031,64.0,185.0,3.31,0.61,9.4,6
535,6.7,0.3,0.29,2.8,0.025,37.0,107.0,3.31,0.63,11.3,7
536,7.1,0.2,0.3,0.9,0.019,4.0,28.0,3.2,0.36,12.0,5
537,7.1,0.2,0.3,0.9,0.019,4.0,28.0,3.2,0.36,12.0,5
538,6.5,0.28,0.28,20.4,0.040999999999999995,40.0,144.0,3.14,0.38,8.7,6
539,6.7,0.28,0.28,2.4,0.012,36.0,100.0,3.26,0.39,11.7,7
540,7.2,0.24,0.27,11.4,0.034,40.0,174.0,3.2,0.44,9.0,6
541,7.6,0.23,0.4,5.2,0.066,14.0,91.0,3.17,0.8,9.7,6
542,8.1,0.33,0.22,5.2,0.047,24.0,151.0,3.22,0.47,10.3,5
543,6.7,0.12,0.3,5.2,0.048,38.0,113.0,3.33,0.44,10.1,6
544,5.7,0.18,0.36,1.2,0.046,9.0,71.0,3.7,0.68,10.9,7
545,5.8,0.15,0.28,0.8,0.037000000000000005,43.0,127.0,3.24,0.51,9.3,6
546,6.6,0.23,0.29,14.45,0.057,29.0,144.0,3.33,0.54,10.2,6
547,7.0,0.34,0.39,6.9,0.066,43.0,162.0,3.11,0.53,9.5,5
548,7.1,0.15,0.34,1.0,0.033,27.0,73.0,3.24,0.41,12.2,6
549,7.0,0.23,0.33,1.0,0.043,46.0,110.0,3.04,0.65,10.8,6
550,6.6,0.12,0.25,1.4,0.039,21.0,131.0,3.2,0.45,11.2,7
551,6.8,0.26,0.4,7.5,0.046,45.0,179.0,3.2,0.49,9.3,5
552,7.2,0.35,0.25,5.6,0.032,23.0,120.0,2.93,0.66,10.3,7
553,7.6,0.1,0.33,1.0,0.031,33.0,93.0,3.06,0.68,11.2,6
554,7.2,0.19,0.27,11.2,0.061,46.0,149.0,2.99,0.59,9.3,6
555,6.2,0.28,0.27,10.3,0.03,26.0,108.0,3.2,0.36,10.7,6
556,6.9,0.31,0.32,1.2,0.024,20.0,166.0,3.05,0.54,9.8,6
557,6.5,0.23,0.36,16.3,0.038,43.0,133.0,3.26,0.41,8.8,5
558,7.5,0.28,0.39,10.2,0.045,59.0,209.0,3.16,0.63,9.6,5
559,6.8,0.16,0.29,10.4,0.046,59.0,143.0,3.2,0.4,10.8,6
560,5.3,0.2,0.31,3.6,0.036000000000000004,22.0,91.0,3.41,0.5,9.8,6
561,6.8,0.3,0.22,6.2,0.06,41.0,190.0,3.18,0.51,9.2,5
562,6.5,0.35,0.28,12.4,0.051,86.0,213.0,3.16,0.51,9.9,6
563,6.5,0.17,0.31,1.5,0.040999999999999995,34.0,121.0,3.06,0.46,10.5,6
564,6.3,0.2,0.19,12.3,0.048,54.0,145.0,3.16,0.42,9.3,5
565,6.9,0.615,0.42,12.0,0.067,24.0,131.0,3.19,0.34,9.3,5
566,6.7,0.27,0.33,3.6,0.034,9.0,45.0,3.08,0.4,10.5,6
567,7.0,0.34,0.3,1.8,0.045,44.0,142.0,2.99,0.45,10.8,6
568,6.0,0.26,0.15,1.3,0.06,51.0,154.0,3.14,0.51,8.7,5
569,7.9,0.16,0.3,7.4,0.05,58.0,152.0,3.12,0.37,9.5,6
570,6.4,0.27,0.29,10.8,0.027999999999999997,17.0,118.0,3.18,0.37,11.2,6
571,7.7,0.3,0.34,1.2,0.048,4.0,119.0,3.18,0.34,12.1,6
572,7.3,0.32,0.35,1.4,0.05,8.0,163.0,3.24,0.42,10.7,5
573,6.4,0.44,0.44,14.4,0.048,29.0,228.0,3.26,0.54,8.8,6
574,7.6,0.39,0.32,3.6,0.035,22.0,93.0,3.08,0.6,12.5,7
575,7.0,0.36,0.32,10.5,0.045,35.0,135.0,3.09,0.33,11.6,8
576,7.1,0.2,0.31,7.4,0.053,32.0,211.0,3.31,0.59,10.4,6
577,6.4,0.24,0.25,20.2,0.083,35.0,157.0,3.17,0.5,9.1,5
578,8.0,0.3,0.36,11.0,0.034,8.0,70.0,3.05,0.41,12.2,6
579,6.8,0.35,0.53,10.1,0.053,37.0,151.0,3.07,0.4,9.4,5
580,6.6,0.25,0.51,8.0,0.047,61.0,189.0,3.22,0.49,9.2,5
581,6.0,0.11,0.47,10.6,0.052000000000000005,69.0,148.0,2.91,0.34,9.3,6
582,6.4,0.14,0.31,1.2,0.034,53.0,138.0,3.38,0.35,11.5,7
583,6.6,0.45,0.43,7.2,0.064,31.0,186.0,3.12,0.44,9.4,5
584,5.5,0.375,0.38,1.7,0.036000000000000004,17.0,98.0,3.29,0.39,10.5,6
585,5.9,0.22,0.38,1.3,0.046,24.0,90.0,3.2,0.47,10.0,6
586,8.0,0.22,0.31,5.6,0.049,24.0,97.0,3.1,0.42,10.9,6
587,6.5,0.22,0.29,7.4,0.027999999999999997,16.0,87.0,3.15,0.56,10.9,8
588,6.9,0.33,0.26,5.0,0.027000000000000003,46.0,143.0,3.25,0.43,11.2,7
589,5.1,0.11,0.32,1.6,0.027999999999999997,12.0,90.0,3.57,0.52,12.2,8
590,5.6,0.18,0.58,1.25,0.034,29.0,129.0,3.51,0.6,12.0,7
591,6.7,0.48,0.32,1.4,0.021,22.0,121.0,3.15,0.53,12.7,7
592,5.4,0.23,0.36,1.5,0.03,74.0,121.0,3.24,0.99,12.1,6
593,6.5,0.15,0.55,5.9,0.045,75.0,162.0,2.97,0.4,9.3,6
594,7.0,0.28,0.32,7.75,0.032,30.0,114.0,3.12,0.64,12.8,7
595,6.4,0.2,0.28,2.5,0.032,24.0,84.0,3.31,0.55,11.5,7
596,6.2,0.16,0.34,1.7,0.038,85.0,153.0,3.33,0.86,12.0,7
597,6.1,0.16,0.37,1.1,0.031,37.0,97.0,3.4,0.58,10.5,6
598,5.7,0.21,0.25,1.1,0.035,26.0,81.0,3.31,0.52,11.4,6
599,6.6,0.26,0.46,6.9,0.047,59.0,183.0,3.2,0.45,9.3,6
600,7.7,0.18,0.3,1.2,0.046,49.0,199.0,3.03,0.38,9.3,6
601,6.9,0.14,0.38,1.0,0.040999999999999995,22.0,81.0,3.03,0.54,11.4,6
602,7.1,0.36,0.4,1.95,0.033,26.0,118.0,3.2,0.45,13.5,7
603,6.5,0.44,0.47,5.45,0.013999999999999999,44.0,137.0,3.13,0.32,13.0,6
604,6.9,0.22,0.31,6.3,0.028999999999999998,41.0,131.0,3.08,0.49,10.8,6
605,7.7,0.25,0.3,7.8,0.038,67.0,196.0,3.1,0.5,10.1,5
606,7.0,0.31,0.31,9.1,0.036000000000000004,45.0,140.0,2.98,0.31,12.0,7
607,4.9,0.33,0.31,1.2,0.016,39.0,150.0,3.33,0.59,14.0,7
608,6.0,0.28,0.52,5.0,0.078,30.0,139.0,3.1,0.36,9.0,5
609,6.0,0.28,0.25,1.8,0.042,8.0,108.0,3.08,0.55,9.0,5
610,7.2,0.2,0.22,1.6,0.044000000000000004,17.0,101.0,3.37,0.53,10.0,5
611,6.4,0.12,0.3,1.1,0.031,37.0,94.0,3.01,0.56,11.7,7
612,6.9,0.38,0.38,13.1,0.11199999999999999,14.0,94.0,3.02,0.48,9.2,5
613,5.8,0.19,0.24,1.3,0.044000000000000004,38.0,128.0,3.77,0.6,10.6,6
614,7.5,0.19,0.4,7.1,0.055999999999999994,50.0,110.0,3.06,0.52,9.9,6
615,6.8,0.32,0.39,9.6,0.026000000000000002,34.0,124.0,3.18,0.35,12.1,7
616,6.6,0.23,0.2,11.4,0.044000000000000004,45.0,131.0,2.96,0.51,9.7,6
617,5.0,0.27,0.32,4.5,0.032,58.0,178.0,3.45,0.31,12.6,7
618,6.3,0.18,0.36,1.2,0.034,26.0,111.0,3.16,0.51,11.0,7
619,6.7,0.25,0.31,1.35,0.061,30.5,218.0,3.16,0.53,9.5,5
620,6.6,0.22,0.36,5.5,0.028999999999999998,30.0,105.0,3.2,0.47,11.8,6
621,7.0,0.45,0.34,19.8,0.04,12.0,67.0,3.07,0.38,11.0,6
622,5.4,0.22,0.29,1.2,0.045,69.0,152.0,3.76,0.63,11.0,6
623,7.1,0.47,0.29,14.8,0.024,22.0,142.0,3.12,0.48,12.0,8
624,5.8,0.19,0.25,10.8,0.042,33.0,124.0,3.22,0.41,9.2,6
625,6.0,0.24,0.33,2.5,0.026000000000000002,31.0,85.0,3.13,0.5,11.3,6
626,6.3,0.2,0.37,11.8,0.045,58.0,130.0,3.2,0.35,10.8,5
627,5.7,0.12,0.26,5.5,0.034,21.0,99.0,3.09,0.57,9.9,6
628,7.4,0.21,0.8,12.3,0.038,77.0,183.0,2.95,0.48,9.0,6
629,7.0,0.15,0.38,15.3,0.045,54.0,120.0,3.18,0.42,9.8,6
630,6.3,0.28,0.3,3.1,0.039,24.0,115.0,3.05,0.43,8.6,6
631,9.7,0.24,0.49,4.9,0.032,3.0,18.0,2.85,0.54,10.0,5
632,5.1,0.33,0.27,6.7,0.022000000000000002,44.0,129.0,3.36,0.39,11.0,6
633,6.7,0.34,0.4,2.1,0.033,34.0,111.0,2.97,0.48,12.2,7
634,6.5,0.24,0.39,17.3,0.052000000000000005,22.0,126.0,3.11,0.47,9.2,6
635,5.9,0.28,0.39,1.4,0.031,47.0,147.0,3.08,0.64,12.9,6
636,5.5,0.18,0.22,5.5,0.037000000000000005,10.0,86.0,3.46,0.44,12.2,6
637,6.5,0.24,0.39,17.3,0.052000000000000005,22.0,126.0,3.11,0.47,9.2,6
638,7.6,0.3,0.38,2.1,0.043,10.0,98.0,3.17,0.65,11.0,5
639,6.1,0.21,0.38,1.5,0.039,37.0,122.0,3.2,0.43,12.0,6
640,6.3,0.17,0.32,4.2,0.04,37.0,117.0,3.24,0.43,11.3,6
641,5.6,0.19,0.27,0.9,0.04,52.0,103.0,3.5,0.39,11.2,6
642,6.2,0.25,0.39,1.3,0.051,42.0,135.0,3.23,0.4,11.1,6
643,6.2,0.23,0.36,17.2,0.039,37.0,130.0,3.23,0.43,8.8,6
644,7.6,0.25,1.23,4.6,0.035,51.0,294.0,3.03,0.43,13.1,6
645,6.1,0.17,0.42,15.1,0.033,28.0,124.0,2.87,0.47,9.5,6
646,6.9,0.19,0.32,7.9,0.042,30.0,130.0,3.4,0.39,10.5,6
647,6.8,0.39,0.34,7.4,0.02,38.0,133.0,3.18,0.44,12.0,7
648,6.7,0.33,0.36,6.6,0.042,34.0,116.0,2.97,0.31,12.2,7
649,6.6,0.19,0.33,1.8,0.035,42.0,148.0,3.15,0.36,10.2,6
650,5.7,0.16,0.32,1.2,0.036000000000000004,7.0,89.0,3.26,0.48,11.0,6
651,6.4,0.22,0.38,9.1,0.044000000000000004,35.0,127.0,2.97,0.3,11.0,7
652,5.2,0.31,0.36,5.1,0.031,46.0,145.0,3.14,0.31,12.4,7
653,7.9,0.34,0.44,6.5,0.027000000000000003,47.0,126.0,2.96,0.37,12.5,6
654,6.4,0.21,0.34,16.05,0.04,56.0,142.0,3.11,0.38,10.6,6
655,6.2,0.35,0.31,2.6,0.036000000000000004,37.0,92.0,3.27,0.53,12.8,7
656,5.7,0.15,0.28,3.7,0.045,57.0,151.0,3.22,0.27,11.2,6
657,5.7,0.2,0.3,2.5,0.046,38.0,125.0,3.34,0.5,9.9,6
658,6.8,0.21,0.37,7.0,0.038,27.0,107.0,2.98,0.82,11.5,6
659,6.9,0.22,0.39,6.0,0.035,44.0,141.0,3.11,0.33,12.5,8
660,7.0,0.29,0.35,1.4,0.036000000000000004,42.0,109.0,3.31,0.62,11.6,6
661,6.7,0.21,0.36,8.55,0.02,20.0,86.0,3.19,0.22,13.4,6
662,7.7,0.27,0.49,3.8,0.037000000000000005,46.0,139.0,3.04,0.38,11.6,7
663,7.4,0.19,0.31,14.5,0.045,39.0,193.0,3.1,0.5,9.2,6
664,7.4,0.19,0.31,14.5,0.045,39.0,193.0,3.1,0.5,9.2,6
665,7.6,0.19,0.32,18.75,0.047,32.0,193.0,3.1,0.5,9.3,6
666,4.2,0.215,0.23,5.1,0.040999999999999995,64.0,157.0,3.42,0.44,8.0,5
667,6.1,0.22,0.31,1.4,0.039,40.0,129.0,3.45,0.59,10.9,7
668,6.6,0.38,0.36,9.2,0.061,42.0,214.0,3.31,0.56,9.4,5
669,6.6,0.2,0.14,4.4,0.184,35.0,168.0,2.93,0.45,9.4,6
670,6.8,0.21,0.31,2.9,0.046,40.0,121.0,3.07,0.65,10.9,7
671,6.6,0.2,0.14,4.4,0.184,35.0,168.0,2.93,0.45,9.4,6
672,7.8,0.25,0.37,1.0,0.043,10.0,80.0,3.08,0.38,11.4,5
673,6.5,0.25,0.5,7.6,0.047,54.0,184.0,3.17,0.45,9.2,5
674,7.8,0.25,0.37,1.0,0.043,10.0,80.0,3.08,0.38,11.4,5
675,6.6,0.24,0.28,6.7,0.032,26.0,91.0,3.13,0.32,12.3,6
676,6.0,0.32,0.3,1.9,0.033,41.0,142.0,3.29,0.42,12.8,7
677,6.0,0.19,0.29,1.1,0.047,67.0,152.0,3.54,0.59,11.1,7
678,5.8,0.18,0.37,1.2,0.036000000000000004,19.0,74.0,3.09,0.49,12.7,6
679,5.8,0.18,0.37,1.1,0.036000000000000004,31.0,96.0,3.16,0.48,12.0,6
680,6.9,0.38,0.29,13.65,0.048,52.0,189.0,3.0,0.6,9.5,6
681,7.6,0.17,0.27,4.6,0.05,23.0,98.0,3.08,0.47,9.5,6
682,6.9,0.38,0.29,13.65,0.048,52.0,189.0,3.0,0.6,9.5,6
683,6.7,0.18,0.24,10.3,0.057,64.0,185.0,3.12,0.5,10.6,6
684,6.6,0.16,0.21,6.7,0.055,43.0,157.0,3.15,0.52,10.8,6
685,7.1,0.18,0.49,1.3,0.033,12.0,72.0,3.05,0.53,11.3,6
686,7.6,0.2,0.26,4.8,0.033,26.0,76.0,2.98,0.49,12.3,6
687,6.2,0.3,0.21,1.1,0.032,31.0,111.0,2.97,0.42,12.2,6
688,6.2,0.3,0.21,1.1,0.032,31.0,111.0,2.97,0.42,12.2,6
689,5.6,0.15,0.26,5.55,0.051,51.0,139.0,3.47,0.5,11.0,6
690,7.8,0.22,0.26,9.0,0.047,38.0,132.0,3.25,0.53,10.2,6
691,6.6,0.18,0.28,1.7,0.040999999999999995,53.0,161.0,3.13,0.45,10.2,6
692,7.0,0.4,0.25,1.8,0.05,51.0,189.0,3.0,0.55,11.4,6
693,6.4,0.22,0.32,4.9,0.046,50.0,156.0,3.38,0.55,11.2,6
694,6.4,0.32,0.31,1.9,0.037000000000000005,34.0,126.0,3.06,0.45,11.8,7
695,6.1,0.28,0.27,4.7,0.03,56.0,140.0,3.16,0.42,12.5,8
696,8.8,0.39,0.35,1.8,0.096,22.0,80.0,2.95,0.54,12.6,5
697,5.8,0.15,0.32,1.2,0.037000000000000005,14.0,119.0,3.19,0.5,10.2,6
698,8.9,0.3,0.35,4.6,0.032,32.0,148.0,3.15,0.45,11.5,7
699,6.8,0.24,0.29,9.5,0.042,56.0,157.0,3.11,0.51,10.1,6
700,6.7,0.64,0.3,1.2,0.03,18.0,76.0,3.16,0.6,12.9,6
701,6.1,0.3,0.3,2.1,0.031,50.0,163.0,3.39,0.43,12.7,7
702,6.3,0.29,0.28,4.7,0.059000000000000004,28.0,81.0,3.24,0.56,12.7,7
703,6.2,0.28,0.28,4.3,0.026000000000000002,22.0,105.0,2.98,0.64,13.1,7
704,7.1,0.17,0.4,14.55,0.047,47.0,156.0,3.34,0.78,9.1,5
705,8.2,0.34,0.29,5.2,0.076,19.0,92.0,2.95,0.39,12.5,6
706,6.5,0.24,0.28,1.1,0.034,26.0,83.0,3.25,0.33,12.3,6
707,6.7,0.3,0.44,18.5,0.057,65.0,224.0,3.11,0.53,9.1,5
708,6.7,0.3,0.44,18.75,0.057,65.0,224.0,3.11,0.53,9.1,5
709,6.6,0.15,0.32,6.0,0.033,59.0,128.0,3.19,0.71,12.1,8
710,6.7,0.47,0.29,4.75,0.034,29.0,134.0,3.29,0.46,13.0,7
711,6.7,0.24,0.3,3.85,0.042,105.0,179.0,3.04,0.59,11.3,8
712,6.7,0.16,0.36,2.0,0.045,24.0,131.0,3.3,0.59,10.5,6
713,5.8,0.22,0.3,1.1,0.047,36.0,131.0,3.26,0.45,10.4,6
714,7.5,0.21,0.32,4.8,0.055999999999999994,39.0,113.0,3.11,0.52,10.2,6
715,8.0,0.2,0.44,1.0,0.057,24.0,111.0,3.09,0.32,11.2,6
716,6.0,0.28,0.27,15.5,0.036000000000000004,31.0,134.0,3.19,0.44,13.0,7
717,6.0,0.28,0.27,15.5,0.036000000000000004,31.0,134.0,3.19,0.44,13.0,7
718,7.5,0.33,0.28,4.9,0.042,21.0,155.0,3.36,0.57,10.9,5
719,6.4,0.26,0.25,10.7,0.046,66.0,179.0,3.17,0.55,9.9,6
720,5.9,0.23,0.24,3.8,0.038,61.0,152.0,3.31,0.5,11.3,7
721,6.0,0.23,0.15,9.7,0.048,101.0,207.0,3.05,0.3,9.1,5
722,5.3,0.36,0.27,6.3,0.027999999999999997,40.0,132.0,3.37,0.4,11.6,6
723,6.4,0.28,0.44,7.1,0.048,49.0,179.0,3.15,0.48,9.2,5
724,7.2,0.24,0.28,1.9,0.032,30.0,92.0,3.1,0.39,10.9,6
725,6.2,0.27,0.47,1.2,0.146,28.0,105.0,3.23,0.51,10.1,6
726,8.1,0.26,0.27,4.3,0.03,43.0,123.0,3.16,0.33,11.2,7
727,7.5,0.34,0.24,3.85,0.031,5.0,34.0,3.01,0.36,11.8,6
728,7.0,0.48,0.12,4.5,0.05,23.0,86.0,2.86,0.35,9.0,5
729,8.0,0.25,0.27,9.7,0.036000000000000004,15.0,85.0,2.99,0.36,11.2,6
730,7.8,0.15,0.34,1.1,0.035,31.0,93.0,3.07,0.72,11.3,6
731,6.9,0.26,0.27,4.2,0.031,20.0,80.0,3.12,0.39,11.5,6
732,7.3,0.23,0.27,2.6,0.035,39.0,120.0,3.04,0.59,11.3,7
733,6.8,0.19,0.71,17.5,0.042,21.0,114.0,2.85,0.5,9.5,6
734,5.6,0.28,0.28,4.2,0.044000000000000004,52.0,158.0,3.35,0.44,10.7,7
735,6.7,0.35,0.48,8.8,0.055999999999999994,35.0,167.0,3.04,0.47,9.4,5
736,6.8,0.14,0.18,1.4,0.047,30.0,90.0,3.27,0.54,11.2,6
737,6.8,0.14,0.18,1.4,0.047,30.0,90.0,3.27,0.54,11.2,6
738,6.4,0.38,0.24,7.2,0.047,41.0,151.0,3.11,0.6,9.2,5
739,7.2,0.24,0.3,1.2,0.037000000000000005,11.0,95.0,2.96,0.36,12.5,6
740,6.8,0.45,0.28,26.05,0.031,27.0,122.0,3.06,0.42,10.6,6
741,6.4,0.38,0.2,5.3,0.11699999999999999,57.0,181.0,3.24,0.43,9.5,5
742,6.4,0.36,0.2,5.7,0.11800000000000001,61.0,172.0,3.24,0.43,9.5,5
743,6.6,0.3,0.25,8.0,0.036000000000000004,21.0,124.0,3.06,0.38,10.8,6
744,6.4,0.29,0.24,3.2,0.037000000000000005,31.0,95.0,2.9,0.66,12.6,7
745,7.3,0.31,0.25,6.65,0.032,30.0,138.0,2.9,0.37,11.1,6
746,6.6,0.085,0.33,1.4,0.036000000000000004,17.0,109.0,3.27,0.61,9.5,6
747,5.8,0.275,0.3,5.4,0.043,41.0,149.0,3.33,0.42,10.8,6
748,6.8,0.21,0.26,11.7,0.038,61.0,152.0,3.02,0.56,10.5,6
749,5.9,0.37,0.32,1.6,0.028999999999999998,41.0,102.0,3.41,0.55,12.7,7
750,5.6,0.25,0.19,2.4,0.049,42.0,166.0,3.25,0.43,10.4,5
751,6.8,0.15,0.41,12.9,0.044000000000000004,79.5,183.0,3.24,0.78,10.2,6
752,7.0,0.22,0.26,9.2,0.027000000000000003,37.0,122.0,3.06,0.34,12.5,8
753,6.4,0.16,0.44,1.2,0.051,39.0,122.0,3.11,0.75,11.3,7
754,6.3,0.22,0.34,1.2,0.036000000000000004,32.0,96.0,3.06,0.74,11.6,6
755,4.7,0.67,0.09,1.0,0.02,5.0,9.0,3.3,0.34,13.6,6
756,6.3,0.2,0.18,10.6,0.045,57.0,159.0,3.09,0.54,9.2,6
757,6.6,0.26,0.22,18.15,0.05,23.0,139.0,3.06,0.5,9.2,5
758,7.7,0.31,0.23,2.0,0.069,29.0,134.0,3.11,0.62,9.8,5
759,5.7,0.265,0.28,6.9,0.036000000000000004,46.0,150.0,3.36,0.44,10.8,7
760,6.0,0.21,0.29,13.1,0.042,28.0,125.0,3.39,0.45,8.6,6
761,7.0,0.15,0.28,14.7,0.051,29.0,149.0,2.96,0.39,9.0,7
762,7.0,0.15,0.28,14.7,0.051,29.0,149.0,2.96,0.39,9.0,7
763,7.0,0.15,0.28,14.7,0.051,29.0,149.0,2.96,0.39,9.0,7
764,6.3,0.28,0.29,6.8,0.051,40.0,143.0,3.43,0.59,11.0,7
765,7.8,0.2,0.32,5.0,0.016,31.0,101.0,2.99,0.39,11.0,6
766,6.9,0.4,0.17,12.9,0.033,59.0,186.0,3.08,0.49,9.4,5
767,6.9,0.4,0.17,12.9,0.033,59.0,186.0,3.08,0.49,9.4,5
768,6.3,0.24,0.29,13.7,0.035,53.0,134.0,3.17,0.38,10.6,6
769,6.7,0.42,0.39,12.1,0.04,61.0,248.0,3.31,0.58,9.7,5
770,6.5,0.33,0.28,6.1,0.018000000000000002,41.0,103.0,3.24,0.32,12.2,6
771,6.3,0.15,0.3,1.4,0.022000000000000002,38.0,100.0,3.42,0.57,11.4,7
772,6.5,0.32,0.45,7.7,0.022000000000000002,31.0,97.0,3.2,0.7,12.7,6
773,6.4,0.27,0.45,8.3,0.05,52.0,196.0,3.18,0.48,9.5,5
774,7.0,0.3,0.28,2.2,0.042,21.0,177.0,3.2,0.57,11.4,5
775,7.9,0.21,0.39,2.0,0.057,21.0,138.0,3.05,0.52,10.9,5
776,7.2,0.17,0.34,6.4,0.042,16.0,111.0,2.99,0.4,10.8,6
777,6.8,0.26,0.34,15.1,0.06,42.0,162.0,3.24,0.52,10.5,6
778,6.3,0.43,0.32,8.8,0.042,18.0,106.0,3.28,0.33,12.9,7
779,6.3,0.3,0.2,3.7,0.039,34.0,132.0,3.0,0.38,10.7,6
780,6.9,0.28,0.28,12.2,0.042,52.0,139.0,3.03,0.56,10.4,6
781,7.3,0.24,0.3,2.5,0.042,31.0,104.0,3.05,0.56,11.3,6
782,7.0,0.15,0.29,16.4,0.057999999999999996,45.0,110.0,3.15,0.37,9.7,7
783,6.7,0.37,0.25,2.5,0.027999999999999997,24.0,84.0,3.14,0.36,11.7,6
784,6.4,0.32,0.23,16.2,0.055,36.0,176.0,3.26,0.54,9.1,5
785,5.9,0.12,0.27,4.8,0.03,40.0,110.0,3.55,0.68,12.1,7
786,6.2,0.22,0.3,12.4,0.054000000000000006,108.0,152.0,3.1,0.47,9.5,6
787,6.5,0.27,0.19,6.6,0.045,98.0,175.0,3.16,0.34,10.1,6
788,7.3,0.36,0.54,13.3,0.054000000000000006,63.0,193.0,3.06,0.49,8.6,5
789,7.1,0.2,0.37,1.5,0.049,28.0,129.0,3.15,0.52,10.8,5
790,6.2,0.27,0.26,12.1,0.046,43.0,127.0,3.16,0.37,10.8,6
791,6.4,0.38,0.26,8.2,0.043,28.0,98.0,2.99,0.31,11.4,6
792,7.0,0.25,0.33,2.1,0.021,17.0,76.0,3.26,0.45,12.3,6
793,6.5,0.33,0.3,3.8,0.036000000000000004,34.0,88.0,3.25,0.63,12.5,7
794,7.2,0.25,0.32,1.5,0.054000000000000006,24.0,105.0,3.17,0.48,11.1,5
795,6.2,0.39,0.24,4.8,0.037000000000000005,45.0,138.0,3.23,0.43,11.2,7
796,6.2,0.28,0.51,7.9,0.055999999999999994,49.0,206.0,3.18,0.52,9.4,5
797,6.9,0.14,0.29,9.9,0.055999999999999994,30.0,91.0,3.19,0.33,9.9,6
798,6.5,0.22,0.31,3.9,0.046,17.0,106.0,3.15,0.31,11.5,6
799,6.6,0.32,0.47,15.6,0.063,27.0,173.0,3.18,0.56,9.0,5
800,6.1,0.28,0.26,1.5,0.03,25.0,101.0,3.03,0.41,12.1,6
801,6.2,0.27,0.32,6.3,0.048,47.0,159.0,3.21,0.6,11.0,6
802,6.4,0.2,0.15,6.6,0.046,26.0,113.0,2.99,0.58,9.9,6
803,6.1,0.3,0.32,2.2,0.042,41.0,142.0,3.31,0.44,12.7,7
804,7.0,0.16,0.3,2.6,0.043,34.0,90.0,2.88,0.47,11.2,6
805,7.0,0.16,0.3,2.6,0.043,34.0,90.0,2.88,0.47,11.2,6
806,6.5,0.29,0.52,7.9,0.049,35.0,192.0,3.16,0.51,9.5,6
807,6.7,0.18,0.31,10.6,0.035,42.0,143.0,3.08,0.49,9.8,6
808,6.1,0.22,0.25,12.1,0.035,54.0,135.0,3.21,0.4,10.7,6
809,6.1,0.24,0.26,1.7,0.033,61.0,134.0,3.19,0.81,11.9,7
810,7.3,0.23,0.41,14.6,0.048,73.0,223.0,3.16,0.71,9.4,6
811,6.8,0.11,0.27,8.6,0.044000000000000004,45.0,104.0,3.2,0.37,9.9,6
812,6.8,0.14,0.35,1.5,0.047,40.0,117.0,3.07,0.72,11.1,6
813,6.4,0.25,0.57,1.0,0.062,21.0,122.0,3.0,0.4,9.5,5
814,6.0,0.26,0.29,3.1,0.040999999999999995,37.0,144.0,3.22,0.39,12.8,7
815,6.5,0.46,0.24,11.5,0.051,56.0,171.0,3.08,0.56,9.8,5
816,6.8,0.27,0.22,17.8,0.034,16.0,116.0,3.07,0.53,9.2,5
817,7.4,0.16,0.27,15.5,0.05,25.0,135.0,2.9,0.43,8.7,7
818,7.4,0.16,0.27,15.5,0.05,25.0,135.0,2.9,0.43,8.7,7
819,6.9,0.19,0.35,13.5,0.038,49.0,118.0,3.0,0.63,10.7,6
820,6.2,0.24,0.22,7.9,0.053,45.0,149.0,3.23,0.52,9.3,5
821,7.4,0.16,0.27,15.5,0.05,25.0,135.0,2.9,0.43,8.7,7
822,5.8,0.23,0.21,1.5,0.044000000000000004,21.0,110.0,3.3,0.57,11.0,6
823,5.9,0.23,0.28,8.6,0.046,37.0,142.0,3.23,0.53,10.6,6
824,6.4,0.14,0.28,7.9,0.057,21.0,82.0,3.26,0.36,10.0,6
825,6.4,0.25,0.28,4.9,0.03,29.0,98.0,3.09,0.58,12.8,7
826,6.6,0.21,0.34,5.6,0.046,30.0,140.0,3.22,0.38,11.0,6
827,6.9,0.37,0.23,9.5,0.057,54.0,166.0,3.23,0.42,10.0,5
828,6.9,0.45,0.27,4.7,0.035,17.0,80.0,3.12,0.36,12.5,6
829,6.7,0.28,0.42,3.5,0.035,43.0,105.0,3.18,0.38,12.2,7
830,7.6,0.4,0.27,1.2,0.053,23.0,193.0,3.22,0.38,11.6,5
831,6.0,0.2,0.25,2.0,0.040999999999999995,30.0,95.0,3.27,0.56,11.1,6
832,6.8,0.18,0.35,5.4,0.054000000000000006,53.0,143.0,3.1,0.54,11.0,7
833,6.1,0.25,0.28,10.0,0.055,56.0,131.0,3.22,0.35,10.9,6
834,6.8,0.26,0.29,11.9,0.052000000000000005,54.0,160.0,3.03,0.58,10.4,6
835,6.2,0.2,0.25,15.0,0.055,8.0,120.0,3.19,0.53,9.6,5
836,7.6,0.48,0.31,9.4,0.046,6.0,194.0,3.07,0.61,9.4,5
837,5.8,0.23,0.31,3.5,0.044000000000000004,35.0,158.0,3.19,0.37,12.1,6
838,6.6,0.22,0.37,1.6,0.04,31.0,101.0,3.15,0.66,12.0,7
839,6.8,0.34,0.27,5.2,0.06,14.0,169.0,3.27,0.57,11.6,6
840,5.8,0.19,0.33,4.2,0.038,49.0,133.0,3.16,0.42,11.3,6
841,7.5,0.38,0.56,9.7,0.055,15.0,170.0,3.13,0.65,9.9,5
842,6.9,0.24,0.4,15.4,0.052000000000000005,81.0,198.0,3.2,0.69,9.4,5
843,5.3,0.33,0.3,1.2,0.048,25.0,119.0,3.32,0.62,11.3,6
844,6.3,0.3,0.48,7.4,0.053,34.0,149.0,3.18,0.53,9.8,5
845,7.9,0.36,0.53,12.9,0.049,63.0,139.0,2.94,0.45,9.1,6
846,6.7,0.24,0.31,2.3,0.044000000000000004,37.0,113.0,3.29,0.46,12.9,7
847,6.1,0.25,0.3,1.2,0.036000000000000004,42.0,107.0,3.34,0.56,10.8,7
848,7.1,0.38,0.42,11.8,0.040999999999999995,32.0,193.0,3.04,0.49,10.0,5
849,7.0,0.44,0.24,12.1,0.055999999999999994,68.0,210.0,3.05,0.5,9.5,5
850,7.0,0.44,0.24,12.1,0.055999999999999994,68.0,210.0,3.05,0.5,9.5,5
851,6.3,0.28,0.34,8.1,0.038,44.0,129.0,3.26,0.29,12.1,7
852,5.4,0.22,0.35,6.5,0.028999999999999998,26.0,87.0,3.29,0.44,12.5,7
853,6.2,0.345,0.27,10.1,0.055999999999999994,38.0,187.0,3.31,0.56,10.6,5
854,7.5,0.35,0.37,2.5,0.066,29.0,89.0,3.14,0.42,12.7,6
855,7.6,0.36,0.48,13.5,0.038,44.0,116.0,3.04,0.48,9.2,5
856,5.5,0.23,0.19,2.2,0.044000000000000004,39.0,161.0,3.19,0.43,10.4,6
857,6.0,0.33,0.26,5.1,0.051,16.0,119.0,3.15,0.41,9.2,5
858,6.2,0.36,0.22,5.25,0.038,44.0,145.0,3.22,0.4,11.2,6
859,6.0,0.31,0.27,2.3,0.042,19.0,120.0,3.32,0.41,12.7,7
860,6.0,0.29,0.27,2.3,0.044000000000000004,20.0,117.0,3.31,0.41,12.7,7
861,5.7,0.26,0.24,17.8,0.059000000000000004,23.0,124.0,3.3,0.5,10.1,5
862,6.0,0.2,0.26,6.8,0.049,22.0,93.0,3.15,0.42,11.0,6
863,6.0,0.2,0.26,6.8,0.049,22.0,93.0,3.15,0.42,11.0,6
864,5.7,0.26,0.24,17.8,0.059000000000000004,23.0,124.0,3.3,0.5,10.1,5
865,7.0,0.2,0.35,8.8,0.037000000000000005,31.0,103.0,3.13,0.49,11.0,7
866,7.1,0.39,0.39,11.1,0.034,25.0,204.0,3.05,0.52,10.0,6
867,6.1,0.24,0.25,1.6,0.044000000000000004,24.0,115.0,3.39,0.59,10.9,6
868,6.1,0.24,0.27,11.5,0.05,51.0,133.0,3.22,0.37,10.8,6
869,6.4,0.27,0.3,1.6,0.04,19.0,86.0,3.32,0.65,11.5,7
870,6.4,0.42,0.19,9.3,0.043,28.0,145.0,3.23,0.53,10.98,6
871,7.3,0.19,0.27,13.9,0.057,45.0,155.0,2.94,0.41,8.8,8
872,7.3,0.19,0.27,13.9,0.057,45.0,155.0,2.94,0.41,8.8,8
873,7.3,0.19,0.27,13.9,0.057,45.0,155.0,2.94,0.41,8.8,8
874,7.4,0.27,0.52,15.7,0.054000000000000006,36.0,139.0,3.04,0.62,10.0333333333333,5
875,7.1,0.2,0.35,3.2,0.034,21.0,107.0,3.11,0.54,11.1,6
876,7.2,0.34,0.28,10.4,0.10800000000000001,43.0,187.0,2.96,0.57,9.4,5
877,7.4,0.16,0.3,1.4,0.064,34.0,166.0,3.11,0.42,11.433333333333302,6
878,7.2,0.34,0.2,5.8,0.062,52.0,203.0,3.17,0.44,9.8,5
879,6.5,0.2,0.33,1.5,0.039,36.0,110.0,3.22,0.65,12.0,7
880,6.3,0.19,0.33,10.1,0.063,63.0,133.0,2.86,0.41,9.1,6
881,7.1,0.31,0.25,11.2,0.048,32.0,136.0,3.14,0.4,9.5,5
882,6.4,0.29,0.21,9.65,0.040999999999999995,36.0,119.0,2.99,0.34,10.933333333333302,6
883,6.1,0.26,0.28,1.7,0.043,24.0,98.0,3.14,0.44,12.5,6
884,5.7,0.31,0.29,7.3,0.05,33.0,143.0,3.31,0.5,11.066666666666698,6
885,6.4,0.3,0.27,5.0,0.057999999999999996,27.0,151.0,3.22,0.49,12.2,7
886,7.4,0.27,0.26,11.8,0.053,55.0,173.0,3.11,0.6,9.8,5
887,6.8,0.43,0.26,5.2,0.043,40.0,176.0,3.17,0.41,12.3,6
888,5.7,0.29,0.16,7.9,0.044000000000000004,48.0,197.0,3.21,0.36,9.4,5
889,5.8,0.3,0.38,4.9,0.039,22.0,86.0,3.23,0.58,13.1,6
890,5.8,0.3,0.38,4.9,0.039,22.0,86.0,3.23,0.58,13.1,6
891,6.3,0.32,0.26,12.3,0.044000000000000004,24.0,205.0,3.11,0.58,9.9,6
892,6.1,0.31,0.34,2.8,0.042,59.5,162.0,3.27,0.47,10.8,6
893,6.6,0.38,0.28,2.8,0.043,17.0,67.0,3.21,0.47,13.2,7
894,7.3,0.3,0.25,2.5,0.045,32.0,122.0,3.18,0.54,10.3,5
895,6.9,0.29,0.25,12.2,0.04,29.0,136.0,3.05,0.65,10.4,6
896,6.3,0.3,0.19,7.7,0.049,47.0,184.0,3.22,0.48,9.5,5
897,6.6,0.26,0.56,15.4,0.053,32.0,141.0,3.11,0.49,9.3,5
898,6.2,0.21,0.24,1.2,0.051,31.0,95.0,3.24,0.57,11.3,6
899,6.2,0.2,0.28,1.1,0.039,24.0,78.0,3.36,0.47,12.1,6
900,5.7,0.25,0.22,9.8,0.049,50.0,125.0,3.2,0.45,10.1,5
901,6.4,0.15,0.25,7.8,0.05,13.0,68.0,3.16,0.4,9.9,6
902,7.8,0.27,0.33,2.4,0.053,36.0,175.0,3.2,0.55,11.0,6
903,6.6,0.54,0.21,16.3,0.055,41.0,182.0,3.35,0.54,10.4,5
904,6.8,0.33,0.3,2.1,0.047,35.0,147.0,3.24,0.56,13.4,7
905,9.0,0.2,0.33,3.5,0.049,10.0,40.0,3.14,0.36,9.8,6
906,5.8,0.13,0.22,12.7,0.057999999999999996,24.0,183.0,3.32,0.42,11.7,6
907,6.6,0.16,0.25,9.8,0.049,59.5,137.0,3.16,0.38,10.0,6
908,8.3,0.18,0.37,1.2,0.049,6.0,94.0,3.18,0.52,10.1,4
909,7.1,0.09,0.3,6.2,0.032,24.0,134.0,2.99,0.39,10.9,6
910,8.3,0.14,0.36,8.8,0.026000000000000002,13.0,60.0,3.13,0.35,11.05,6
911,6.9,0.28,0.37,9.1,0.037000000000000005,16.0,76.0,3.05,0.54,11.1,5
912,5.8,0.28,0.3,3.9,0.026000000000000002,36.0,105.0,3.26,0.58,12.75,6
913,6.3,0.25,0.53,1.8,0.021,41.0,101.0,3.19,0.31,13.0,6
914,5.9,0.29,0.32,1.4,0.022000000000000002,17.0,47.0,3.35,0.35,11.5,6
915,6.4,0.46,0.22,14.7,0.047,51.0,183.0,3.39,0.6,10.5,5
916,6.1,0.2,0.4,1.9,0.027999999999999997,32.0,138.0,3.26,0.72,11.7,7
917,6.1,0.37,0.46,12.0,0.042,61.0,210.0,3.17,0.59,9.7,5
918,5.8,0.29,0.15,1.1,0.028999999999999998,12.0,83.0,3.3,0.4,11.4,7
919,5.6,0.22,0.32,1.2,0.024,29.0,97.0,3.2,0.46,13.05,6
920,6.8,0.32,0.23,3.3,0.026000000000000002,31.0,99.0,3.1,0.4,12.4,7
921,6.0,0.27,0.26,1.3,0.038,32.0,138.0,3.46,0.43,11.1,7
922,6.5,0.16,0.33,1.0,0.027000000000000003,23.0,75.0,3.3,0.39,11.4,7
923,8.3,0.22,0.34,1.1,0.043,20.0,116.0,3.0,0.47,10.2,5
924,6.9,0.29,0.32,5.8,0.04,16.0,112.0,3.04,0.58,11.2,6
925,5.9,0.42,0.36,2.4,0.034,19.0,77.0,3.25,0.48,10.9,6
926,5.8,0.27,0.2,7.3,0.04,42.0,145.0,3.15,0.48,9.8,5
927,6.1,0.44,0.28,4.25,0.032,43.0,132.0,3.26,0.47,11.3,7
928,6.6,0.21,0.39,2.3,0.040999999999999995,31.0,102.0,3.22,0.58,10.9,6
929,6.5,0.21,0.35,5.7,0.043,47.0,197.0,3.24,0.5,10.1,6
930,5.9,0.18,0.28,1.0,0.037000000000000005,24.0,88.0,3.29,0.55,10.65,6
931,5.6,0.695,0.06,6.8,0.042,9.0,84.0,3.44,0.44,10.2,5
932,7.1,0.43,0.25,2.8,0.036000000000000004,43.0,132.0,3.21,0.47,13.4,7
933,4.9,0.335,0.14,1.3,0.036000000000000004,69.0,168.0,3.47,0.46,10.4666666666667,5
934,5.6,0.27,0.37,0.9,0.025,11.0,49.0,3.29,0.33,13.1,6
935,6.0,0.24,0.34,1.0,0.036000000000000004,52.0,184.0,3.44,0.44,11.45,6
936,6.8,0.3,0.33,12.8,0.040999999999999995,60.0,168.0,3.1,0.56,9.8,5
937,6.4,0.69,0.09,7.6,0.044000000000000004,34.0,144.0,3.26,0.38,10.1,6
938,5.9,0.12,0.28,1.4,0.037000000000000005,36.0,83.0,3.33,0.42,10.9,7
939,6.1,0.22,0.4,1.85,0.031,25.0,111.0,3.03,0.3,11.8,7
940,5.6,0.205,0.16,12.55,0.051,31.0,115.0,3.4,0.38,10.8,6
941,5.4,0.33,0.31,4.0,0.03,27.0,108.0,3.3,0.43,12.2,7
942,6.7,0.15,0.32,7.9,0.034,17.0,81.0,3.29,0.31,10.0,6
943,6.1,0.32,0.33,10.7,0.036000000000000004,27.0,98.0,3.34,0.52,10.2,6
944,6.9,0.31,0.33,12.7,0.038,33.0,116.0,3.04,0.65,10.4,5
945,6.0,0.25,0.28,7.7,0.053,37.0,132.0,3.06,0.5,9.4,6
946,7.2,0.21,0.31,10.5,0.035,36.0,122.0,3.12,0.4,10.6,6
947,6.0,0.17,0.36,1.7,0.042,14.0,61.0,3.22,0.54,10.8,6
948,6.1,0.24,0.32,9.0,0.031,41.0,134.0,3.25,0.26,12.3,6
949,6.1,0.27,0.31,3.9,0.034,42.0,137.0,3.24,0.46,10.9,6
950,7.3,0.36,0.62,7.1,0.033,48.0,185.0,3.14,0.62,10.6,6
951,6.4,0.19,0.35,10.2,0.043,40.0,106.0,3.16,0.5,9.7,6
952,6.0,0.38,0.26,3.5,0.035,38.0,111.0,3.18,0.47,13.6,7
953,6.6,0.19,0.25,1.2,0.052000000000000005,34.0,181.0,3.3,0.42,9.4,6
954,5.5,0.62,0.33,1.7,0.037000000000000005,24.0,118.0,3.15,0.39,13.55,7
955,6.0,0.32,0.3,7.3,0.174,46.0,159.0,3.18,0.49,9.4,6
956,5.7,0.33,0.32,1.4,0.043,28.0,93.0,3.31,0.5,12.3,7
957,6.4,0.105,0.29,1.1,0.035,44.0,140.0,3.17,0.55,10.7,7
958,6.0,0.35,0.46,0.9,0.033,9.0,65.0,3.24,0.35,12.1,6
959,7.3,0.35,0.67,8.3,0.053,10.0,100.0,3.19,0.5,10.9,5
960,5.4,0.375,0.4,3.3,0.054000000000000006,29.0,147.0,3.42,0.52,9.1,5
961,6.4,0.23,0.35,10.3,0.042,54.0,140.0,3.23,0.47,9.2,5
962,6.5,0.28,0.38,7.8,0.031,54.0,216.0,3.03,0.42,13.1,6
963,5.7,0.22,0.25,1.1,0.05,97.0,175.0,3.44,0.62,11.1,6
964,4.4,0.54,0.09,5.1,0.038,52.0,97.0,3.41,0.4,12.2,6
965,6.2,0.23,0.38,1.6,0.044000000000000004,12.0,113.0,3.3,0.73,11.4,6
966,6.0,0.52,0.33,7.7,0.046,24.0,119.0,3.04,0.38,11.0,6
967,6.0,0.41,0.23,1.1,0.066,22.0,148.0,3.3,0.47,9.63333333333333,5
968,5.7,0.41,0.21,1.9,0.048,30.0,112.0,3.29,0.55,11.2,6
969,6.1,0.32,0.28,6.6,0.021,29.0,132.0,3.15,0.36,11.45,6
970,5.0,0.2,0.4,1.9,0.015,20.0,98.0,3.37,0.55,12.05,6
971,7.4,0.22,0.26,1.2,0.035,18.0,97.0,3.12,0.41,9.7,5
972,6.2,0.38,0.42,2.5,0.038,34.0,117.0,3.36,0.59,11.6,7
973,6.6,0.34,0.4,8.1,0.046,68.0,170.0,3.15,0.5,9.53333333333333,5
974,5.5,0.32,0.13,1.3,0.037000000000000005,45.0,156.0,3.26,0.38,10.7,5
975,6.6,0.34,0.4,8.1,0.046,68.0,170.0,3.15,0.5,9.55,5
976,6.2,0.41,0.22,1.9,0.023,5.0,56.0,3.04,0.79,13.0,6
977,6.5,0.23,0.38,1.3,0.032,29.0,112.0,3.29,0.54,9.7,6
978,6.2,0.21,0.29,1.6,0.039,24.0,92.0,3.27,0.5,11.2,6
